-- phpMyAdmin SQL Dump
-- version 4.8.3
-- https://www.phpmyadmin.net/
--
-- Host: 127.0.0.1:3306
-- Generation Time: Jan 19, 2019 at 01:34 PM
-- Server version: 5.7.23
-- PHP Version: 7.2.10

SET SQL_MODE = "NO_AUTO_VALUE_ON_ZERO";
SET AUTOCOMMIT = 0;
START TRANSACTION;
SET time_zone = "+00:00";


/*!40101 SET @OLD_CHARACTER_SET_CLIENT=@@CHARACTER_SET_CLIENT */;
/*!40101 SET @OLD_CHARACTER_SET_RESULTS=@@CHARACTER_SET_RESULTS */;
/*!40101 SET @OLD_COLLATION_CONNECTION=@@COLLATION_CONNECTION */;
/*!40101 SET NAMES utf8mb4 */;

--
-- Database: `memorystorage`
--

-- --------------------------------------------------------

--
-- Table structure for table `account`
--

DROP TABLE IF EXISTS `account`;
CREATE TABLE IF NOT EXISTS `account` (
  `id` int(11) NOT NULL AUTO_INCREMENT,
  `username` varchar(250) NOT NULL,
  `password` varchar(250) NOT NULL,
  `fullName` varchar(250) NOT NULL,
  `address` varchar(250) NOT NULL,
  `phone` varchar(250) NOT NULL,
  `photo` varchar(250) NOT NULL,
  `status` tinyint(1) NOT NULL,
  PRIMARY KEY (`id`)
) ENGINE=InnoDB AUTO_INCREMENT=25 DEFAULT CHARSET=latin1;

--
-- Dumping data for table `account`
--

INSERT INTO `account` (`id`, `username`, `password`, `fullName`, `address`, `phone`, `photo`, `status`) VALUES
(4, 'user1', '$2a$04$i43GISImIrAgSKzkcy5WYeeYXJgntsXaBtxSG0KSPPujqnjDRKYO6', 'Nguyen A', '123 Nguyen Kiem', '0123456789', 'avt.jpg', 1),
(7, 'admin', '$2a$04$i43GISImIrAgSKzkcy5WYeeYXJgntsXaBtxSG0KSPPujqnjDRKYO6', 'Nhat Nam', '', '', 'MicroSamsung128GB.jpg', 1),
(8, 'superadmin', '$2a$10$fv4A6v3bw5n5LT0RnJGXkebuXxM7vEFsR1cI8COUZBd63W62e1y5.', 'SUPER ADMIN', 'TAN BINH HCM', '0327123178', 'avartar.png', 1),
(9, 'tanluc', '$2a$04$i43GISImIrAgSKzkcy5WYeeYXJgntsXaBtxSG0KSPPujqnjDRKYO6', 'TanLuc', '', '', '', 1),
(10, 'qw123', '$2a$04$i43GISImIrAgSKzkcy5WYeeYXJgntsXaBtxSG0KSPPujqnjDRKYO6', 'audak', '', '', '', 1),
(13, 'user2', '$2a$04$i43GISImIrAgSKzkcy5WYeeYXJgntsXaBtxSG0KSPPujqnjDRKYO6', 'Nhat Nam', '54 Tu Cuong,Phuong 4,Quan Tan Binh', '0327180178', 'avatar.jpg', 1),
(14, 'nam123', '$2a$10$YV7slD0aNedCxsGjVXA2w.7lBbrW0wSmkxwUwN3TN1ctWTMbb8rDi', 'Nam2', '', '', '', 1),
(15, 'usertest', '$2a$10$N0RtuYFvzlZDwqMqkHgCkOSv35JlHPynLlyzWElErcXM8VRmnw3Q6', 'Demo', '123 Nguyen Kiem', '0123456781', '', 1),
(16, 'demo123', '$2a$10$HVuDwsaSWwR1CwwbHGQg4..HKE3aI7XeQTnG.2Mfu1Ge7GsTUV/Da', 'demo', '', '', '', 1),
(17, 'demo1234', '$2a$10$/1a5diaLbXbbb3k8G2KAAe9Hrv.OB8HVVrdcLN2l5zaBE2RINPOh2', 'Nguyen B', '', '', '', 1),
(20, 'adminfake', '$2a$10$0ILAATM2J7qhJePELVmcKOr28p2D48GXduRBSXdN8EJ4lYFvY/Sum', 'FAKE LOVE', '', '', '', 1),
(21, 'user001', '$2a$10$tSsr/mjqvy/asLTDIETCTOU9YkmV6Xp9/kQwU22F7IYGxZ2/E6iaG', 'NhatNamUser', '123 Nguyen Kiem,TanBinh', '0123456781', '', 1),
(22, 'superadfff', '$2a$10$GWWTULfMiS0Hfq.ECiteHeYAXtjcQ8IBg.YxEa/UFBWtCkjz3jLFu', 'Nguyen B', '', '', '', 1),
(23, 'usertest123', '$2a$10$Se1ythY4Uv9a2jBw4cTWf.yc2PnKF8bX7.5x0nLJdXzAysuBc6qYG', 'Nguyen Tan Luc', '123 Nguyen Kiem', '1234567890', '', 1),
(24, 'user100', '$2a$10$iBLSFpdNtqCQlKKZxP5GBeVHaatA8TpfgwKjxBF4Tu0mBloHYUCnm', 'Nguyen Tan Luc', '', '', '', 1);

-- --------------------------------------------------------

--
-- Table structure for table `account_role`
--

DROP TABLE IF EXISTS `account_role`;
CREATE TABLE IF NOT EXISTS `account_role` (
  `account_id` int(11) NOT NULL,
  `role_id` int(11) NOT NULL,
  `status` tinyint(1) NOT NULL,
  PRIMARY KEY (`account_id`,`role_id`),
  KEY `account_id` (`account_id`,`role_id`),
  KEY `role_id` (`role_id`)
) ENGINE=InnoDB DEFAULT CHARSET=latin1;

--
-- Dumping data for table `account_role`
--

INSERT INTO `account_role` (`account_id`, `role_id`, `status`) VALUES
(4, 4, 1),
(7, 1, 1),
(8, 1, 1),
(8, 5, 1),
(9, 1, 1),
(10, 1, 1),
(13, 4, 1),
(14, 1, 1),
(15, 4, 1),
(16, 4, 1),
(17, 1, 1),
(20, 1, 1),
(21, 4, 1),
(22, 4, 1),
(23, 4, 1),
(24, 1, 1);

-- --------------------------------------------------------

--
-- Table structure for table `brand`
--

DROP TABLE IF EXISTS `brand`;
CREATE TABLE IF NOT EXISTS `brand` (
  `id` int(11) NOT NULL AUTO_INCREMENT,
  `name` varchar(250) NOT NULL,
  `photo` varchar(250) NOT NULL,
  PRIMARY KEY (`id`),
  KEY `id` (`id`)
) ENGINE=InnoDB AUTO_INCREMENT=17 DEFAULT CHARSET=latin1;

--
-- Dumping data for table `brand`
--

INSERT INTO `brand` (`id`, `name`, `photo`) VALUES
(1, 'Western Digital', ''),
(2, 'Sandisk', ''),
(3, 'Samsung', ''),
(5, 'Kingston', ''),
(6, 'Crucial', ''),
(7, 'Corsair', ''),
(8, 'G.Skill', ''),
(11, 'INTEL', 'mp510-04.jpg'),
(13, 'Adata', 'null'),
(15, 'KLEVV', 'luc.jpg'),
(16, 'SEAGATE', 'null');

-- --------------------------------------------------------

--
-- Table structure for table `orders`
--

DROP TABLE IF EXISTS `orders`;
CREATE TABLE IF NOT EXISTS `orders` (
  `id` int(11) NOT NULL AUTO_INCREMENT,
  `account_id` int(11) NOT NULL,
  `status` tinyint(1) NOT NULL,
  `timestamp` date NOT NULL,
  PRIMARY KEY (`id`),
  KEY `account_id` (`account_id`)
) ENGINE=InnoDB AUTO_INCREMENT=8 DEFAULT CHARSET=latin1;

--
-- Dumping data for table `orders`
--

INSERT INTO `orders` (`id`, `account_id`, `status`, `timestamp`) VALUES
(1, 15, 1, '2019-01-18'),
(2, 15, 1, '2019-01-18'),
(4, 15, 0, '2019-01-19'),
(5, 21, 0, '2019-01-19'),
(6, 15, 0, '2019-01-19'),
(7, 23, 0, '2019-01-19');

-- --------------------------------------------------------

--
-- Table structure for table `order_detail`
--

DROP TABLE IF EXISTS `order_detail`;
CREATE TABLE IF NOT EXISTS `order_detail` (
  `product_id` int(11) NOT NULL,
  `order_id` int(11) NOT NULL,
  `price` double NOT NULL,
  `quantity` int(11) NOT NULL,
  PRIMARY KEY (`product_id`,`order_id`),
  KEY `product_id` (`product_id`),
  KEY `order_id` (`order_id`)
) ENGINE=InnoDB DEFAULT CHARSET=latin1;

--
-- Dumping data for table `order_detail`
--

INSERT INTO `order_detail` (`product_id`, `order_id`, `price`, `quantity`) VALUES
(46, 5, 10, 1),
(47, 6, 36, 4),
(51, 2, 15, 1),
(72, 5, 995, 5),
(74, 1, 360, 2),
(74, 6, 540, 3),
(74, 7, 180, 1),
(76, 4, 160, 4),
(76, 5, 40, 1),
(91, 2, 60, 1),
(106, 2, 84, 2),
(107, 1, 199, 1);

-- --------------------------------------------------------

--
-- Table structure for table `product`
--

DROP TABLE IF EXISTS `product`;
CREATE TABLE IF NOT EXISTS `product` (
  `id` int(11) NOT NULL AUTO_INCREMENT,
  `name` varchar(250) NOT NULL,
  `price` double NOT NULL,
  `quantity` int(11) NOT NULL,
  `photo` varchar(250) NOT NULL,
  `product_category_id` int(11) NOT NULL,
  `brand_id` int(11) NOT NULL,
  `information` varchar(1000) NOT NULL,
  `description` varchar(2000) NOT NULL,
  `status` tinyint(1) NOT NULL,
  `size` int(11) NOT NULL,
  PRIMARY KEY (`id`),
  KEY `category_product_id` (`product_category_id`),
  KEY `product_category_id` (`product_category_id`),
  KEY `brand_id` (`brand_id`)
) ENGINE=InnoDB AUTO_INCREMENT=127 DEFAULT CHARSET=latin1;

--
-- Dumping data for table `product`
--

INSERT INTO `product` (`id`, `name`, `price`, `quantity`, `photo`, `product_category_id`, `brand_id`, `information`, `description`, `status`, `size`) VALUES
(41, 'USB 3.0 Corsair Voyager GT 32GB CMFVYGT3B-32GB', 29, 0, 'voyagergt-01-f128f76a-30bc-4082-87cf-9231009c6b4d.jpg,voyagergt-02-8b00b6cb-e392-44d5-8aa7-e3be72404e34.jpg,voyagergt-03-ff0d81bd-ff1e-4b0d-ba72-6e71768fa06c.jpg', 2, 7, '<ul>\r\n	<li>\r\n		Product type: USB\r\n	</li>\r\n	<li>\r\n		Capacity: 32 GB\r\n	</li>\r\n	<li>\r\n		Connection standard: USB 3.0\r\n	</li>\r\n	<li>\r\n		Material: monolithic silicon shell against water sock\r\n	</li>\r\n	<li>\r\n		Read speed: ~ 120 MB / s\r\n	</li>\r\n	<li>\r\n		Warranty: 6 months (keep the box for warranty)\r\n	</li>\r\n</ul>\r\n', '<h1>GO BEYOND ORDINARY USB 3.0 SPEED</h1>\r\n\r\n<p>Standard USB 3.0 flash drives are fast. Flash Voyager GT USB 3.0 is even faster, with data transfer rates of up to two times the speed of standard USB 3.0 drives, and up to eight times the speed of USB 2.0 drives. The portability and convenience of USB drives has always meant putting up with delays while waiting for files to copy, but now they&#39;re a thing of the past.</p>\r\n', 1, 32),
(42, 'USB 3.0 Kingston DataTraverler 100 G3 16GB 100MBs', 9, 30, 'dt-100-g3-16-01.jpg,dt-100-g3-16-02.jpg,dt-100-g3-16-04.jpg', 2, 5, '<ul>\r\n	<li>\r\n		Product type: USB 3.0\r\n	</li>\r\n	<li>\r\n		Capacity: 16 GB\r\n	</li>\r\n	<li>\r\n		Plastic material\r\n	</li>\r\n	<li>\r\n		Read speed: 100 MB / s\r\n	</li>\r\n	<li>\r\n		Warranty: 5 years\r\n	</li>\r\n</ul>\r\n', '<h1>DataTraveler 100 G3</h1>\r\n\r\n<p>Kingston&rsquo;s DataTraveler&reg; 100 G3 (DT100G3) USB Flash drive is compliant with USB 3.0 specifications1&nbsp;to take advantage of technology in newer notebooks, desktop PCs and digital devices. DT100G3 makes it easier than ever to store and transfer documents, presentations, music, video and more.<br />\r\n<br />\r\nDT100G3 features a sleek, cost-effective design to make adding to the USB 3.0 experience a minimal investment. Available in capacities from 16GB&ndash;256GB2, DT100G3 is backward compatible with USB 2.0 and has a five-year warranty.</p>\r\n\r\n<p><strong>Features</strong></p>\r\n\r\n<ul>\r\n	<li>Stylish black-on-black, sliding cap design</li>\r\n	<li>Ideal USB 3.0 storage device1</li>\r\n	<li>Capacities from 16GB to 256GB2</li>\r\n</ul>\r\n', 1, 16),
(43, 'USB 3.0 Kingston DataTraverler 100 G3 32GB 100MBs', 14, 43, 'dt-100-g3-32-01.jpg,dt-100-g3-32-02.jpg,dt-100-g3-32-04.jpg', 2, 5, '<ul>\r\n	<li>\r\n		Product type: USB 3.0\r\n	</li>\r\n	<li>\r\n		Capacity: 32 GB\r\n	</li>\r\n	<li>\r\n		Plastic material\r\n	</li>\r\n	<li>\r\n		Read speed: 100 MB / s\r\n	</li>\r\n	<li>\r\n		Warranty: 5 years\r\n	</li>\r\n</ul>\r\n', '<h1>DataTraveler 100 G3</h1>\r\n\r\n<p>Kingston&rsquo;s DataTraveler&reg; 100 G3 (DT100G3) USB Flash drive is compliant with USB 3.0 specifications1&nbsp;to take advantage of technology in newer notebooks, desktop PCs and digital devices. DT100G3 makes it easier than ever to store and transfer documents, presentations, music, video and more.<br />\r\n<br />\r\nDT100G3 features a sleek, cost-effective design to make adding to the USB 3.0 experience a minimal investment. Available in capacities from 16GB&ndash;256GB2, DT100G3 is backward compatible with USB 2.0 and has a five-year warranty.</p>\r\n\r\n<p><strong>Features</strong></p>\r\n\r\n<ul>\r\n	<li>Stylish black-on-black, sliding cap design</li>\r\n	<li>Ideal USB 3.0 storage device1</li>\r\n	<li>Capacities from 16GB to 256GB2</li>\r\n</ul>\r\n', 1, 32),
(44, 'USB 3.0 Kingston DataTraverler 100 G3 64GB 100MBs', 14, 43, 'dt-100-g3-64-01.jpg,dt-100-g3-64-03.jpg,dt-100-g3-64-04.jpg', 2, 5, '<ul>\r\n	<li>\r\n		Product type: USB 3.0\r\n	</li>\r\n	<li>\r\n		Capacity: 64 GB\r\n	</li>\r\n	<li>\r\n		Plastic material\r\n	</li>\r\n	<li>\r\n		Read speed: 100 MB / s\r\n	</li>\r\n	<li>\r\n		Warranty: 5 years\r\n	</li>\r\n</ul>\r\n', '<h1>DataTraveler 100 G3</h1>\r\n\r\n<p>Kingston&rsquo;s DataTraveler&reg; 100 G3 (DT100G3) USB Flash drive is compliant with USB 3.0 specifications1&nbsp;to take advantage of technology in newer notebooks, desktop PCs and digital devices. DT100G3 makes it easier than ever to store and transfer documents, presentations, music, video and more.<br />\r\n<br />\r\nDT100G3 features a sleek, cost-effective design to make adding to the USB 3.0 experience a minimal investment. Available in capacities from 16GB&ndash;256GB2, DT100G3 is backward compatible with USB 2.0 and has a five-year warranty.</p>\r\n\r\n<p><strong>Features</strong></p>\r\n\r\n<ul>\r\n	<li>Stylish black-on-black, sliding cap design</li>\r\n	<li>Ideal USB 3.0 storage device1</li>\r\n	<li>Capacities from 16GB to 256GB2</li>\r\n</ul>\r\n', 1, 64),
(45, 'USB 3.0 Samsung BAR-FIT 32GB', 25, 25, 'muf-fit-32-01.jpg,muf-fit-32-02.jpg,muf-fit-32-04.jpg', 2, 3, '<ul>\r\n	<li>\r\n		Product type: USB 3.0\r\n	</li>\r\n	<li>\r\n		Capacity: 32 GB\r\n	</li>\r\n	<li>\r\n		Plastic material\r\n	</li>\r\n	<li>\r\n		Read speed: 130 MB / s\r\n	</li>\r\n	<li>\r\n		2-year warranty\r\n	</li>\r\n</ul>\r\n', '<h2>Samsung USB 3.0 Flash Drive</h2>\r\n\r\n<p>When form and function come together, the Samsung USB 3.0 Flash Drive features a high quality metal casing for added durability, and a streamlined ergonomic design with a natural feel making it easy to grip and use. You can count on Samsung performance and reliability to keep your data safe and accessible.</p>\r\n\r\n<h2>Unique and Sophisticated Metallic Design</h2>\r\n\r\n<p>A unique, sophisticated design, the sleek Samsung USB drive is an appealing combination of form and performance. This streamlined metallic-based design appeals to your aesthetic side, while the larger key ring hole is practical and can prevent it from being lost.</p>\r\n', 1, 32),
(46, 'USB 3.0 SanDisk Ultra Dual 16GB 130MBs', 10, 40, 'sandisk-ultra-dual-02.jpg', 2, 2, '<ul>\r\n	<li>\r\n		Product type: USB OTG\r\n	</li>\r\n	<li>\r\n		Capacity: 16 GB\r\n	</li>\r\n	<li>\r\n		Standard connection: USB 3.0, MicroUSB\r\n	</li>\r\n	<li>\r\n		Plastic material\r\n	</li>\r\n	<li>\r\n		Read speed: 150 MB / s\r\n	</li>\r\n	<li>\r\n		Warranty: 5 years\r\n	</li>\r\n</ul>\r\n', '<h2><strong>FREE UP MEMORY TO MAKE MORE MEMORIES</strong></h2>\r\n\r\n<p>Quickly and easily transfer your files between OTG-enabled Android&trade; smartphones and tablets<a href=\"https://www.sandisk.com/home/mobile-device-storage/ultra-dual-usb-drive-3#footnotes\">1</a>&nbsp;and PC and Mac computers. The SanDisk Ultra Dual USB Drive 3.0 makes it easy&mdash;and fast&mdash;to free up space for photos, videos, songs, and more.</p>\r\n\r\n<h3><strong>FLASH DRIVE FOR YOUR OTG-ENABLED ANDROID DEVICES</strong></h3>\r\n\r\n<p>This is the flash drive you&#39;ve always wanted, the one that makes it fast and easy to transfer or share files from your OTG-enabled Android smartphone or tablet onto your PC or Mac computer, or with other Android devices. Now your phone is always in the zone, ready to shoot more pictures and videos or add more songs on the go.</p>\r\n\r\n<h3><strong>DUAL CONNECTORS BRIDGE PHONES, TABLETS, AND COMPUTERS</strong></h3>\r\n\r\n<p>With a micro-USB connector on one end, and a USB 3.0 connector on the other, this sleek, handy flash drive lets you move content easily between all the devices in your world&mdash;from your OTG-enabled Android smartphone or tablet to your laptop, your PC or Mac computer. The USB connector is USB 3.0 enabled and backward-compatible with USB 2.0 ports.</p>\r\n\r\n<h3><strong>SUPER-FAST TRANSFER SPEEDS FROM DRIVE TO COMPUTER</strong></h3>\r\n\r\n<p>Transfer from your flash drive to your computer&rsquo;s USB 3.0 port at the no-wait rate of up to 150MB/s<a href=\"https://www.sandisk.com/home/mobile-device-storage/ultra-dual-usb-drive-3#footnotes\">3</a>. Speed like this makes it possible to move whole movies, audiobooks, or music libraries in just seconds. And that helps make your Android smartphone the ultimate on-the-go entertainment device as well your favorite camera.</p>\r\n', 1, 32),
(47, 'USB 3.0 SanDisk Ultra Flair CZ73 16GB 130MBs', 9, 46, 'sandisk-ultra-flair-cz73-09.jpg', 2, 2, '<ul>\r\n	<li>\r\n		Product type: USB 3.0\r\n	</li>\r\n	<li>\r\n		Capacity: 16 GB\r\n	</li>\r\n	<li>\r\n		Material: Metal\r\n	</li>\r\n	<li>\r\n		Read speed: 130 MB / s\r\n	</li>\r\n	<li>\r\n		Warranty: 5 years\r\n	</li>\r\n</ul>\r\n', '<h2><strong>TRANSFER A FULL-LENGTH MOVIE IN LESS THAN 40 SECONDS</strong><a href=\"https://www.sandisk.com/home/usb-flash/ultra-usb#footnotes\">1</a></h2>\r\n\r\n<p>The SanDisk Ultra USB 3.0 Flash Drive combines faster data speeds and generous capacity in a compact, stylish package. Spend less time waiting and transfer files to the drive up to ten times faster than with a standard USB 2.0 drive.<strong><a href=\"https://www.sandisk.com/home/usb-flash/ultra-usb#footnotes\">2</a></strong>&nbsp;With storage capacities up to 256GB<a href=\"https://www.sandisk.com/home/usb-flash/ultra-usb#footnotes\">3</a>, the drive can accommodate your bulkiest media files and documents.</p>\r\n\r\n<h3><strong>MOVE FILES QUICKLY WITH FASTER TRANSFER SPEEDS</strong></h3>\r\n\r\n<p>With transfer speeds of up to 100MB/s<strong><a href=\"https://www.sandisk.com/home/usb-flash/ultra-usb#footnotes\">2</a></strong>&nbsp;the SanDisk Ultra USB 3.0 Flash Drive reduces the time you&#39;ll spend waiting for files to move from the flash drive to your computer. Enabled for USB 3.0, this fast drive lets you transfer and store large files up to ten times faster than USB 2.0 drives.<strong><a href=\"https://www.sandisk.com/home/usb-flash/ultra-usb#footnotes\">2</a></strong></p>\r\n\r\n<h3><strong>HIGH-CAPACITY DRIVE ACCOMMODATES LARGE FILES</strong></h3>\r\n\r\n<p>Offered in capacities up to 256GB<strong><a href=\"https://www.sandisk.com/home/usb-flash/ultra-usb#footnotes\">3</a></strong>&nbsp;the SanDisk Ultra USB 3.0 Flash Drive can hold all your favorite media and important documents, including high-resolution photos, MP3s, movies, presentations, and graphic files.</p>\r\n\r\n<h3><strong>STYLISH, PORTABLE DESIGN</strong></h3>\r\n\r\n<p>With its sleek black design, the SanDisk Ultra USB 3.0 Flash Drive is as stylish as it is practical. This compact and portable drive can easily travel with you in a pocket or handbag.</p>\r\n', 1, 16),
(48, 'USB 3.0 SanDisk Ultra Flair CZ73  32GB 130MBs', 17, 45, 'sandisk-ultra-flair-cz73-09-c1a6c382-a2ca-4348-8496-aa4f012f0e6e.jpg,sandisk-ultra-flair-cz73-10-c149bc87-5ee5-4dfe-b843-2c6c14ff15ed.jpg,sandisk-ultra-flair-cz73-32.jpg', 2, 2, '<ul>\r\n	<li>\r\n		Product type: USB 3.0\r\n	</li>\r\n	<li>\r\n		Capacity: 32 GB\r\n	</li>\r\n	<li>\r\n		Material: Metal\r\n	</li>\r\n	<li>\r\n		Read speed: 130 MB / s\r\n	</li>\r\n	<li>\r\n		Warranty: 5 years\r\n	</li>\r\n</ul>\r\n', '<h2><strong>TRANSFER A FULL-LENGTH MOVIE IN LESS THAN 40 SECONDS</strong><a href=\"https://www.sandisk.com/home/usb-flash/ultra-usb#footnotes\">1</a></h2>\r\n\r\n<p>The SanDisk Ultra USB 3.0 Flash Drive combines faster data speeds and generous capacity in a compact, stylish package. Spend less time waiting and transfer files to the drive up to ten times faster than with a standard USB 2.0 drive.<strong><a href=\"https://www.sandisk.com/home/usb-flash/ultra-usb#footnotes\">2</a></strong>&nbsp;With storage capacities up to 256GB<a href=\"https://www.sandisk.com/home/usb-flash/ultra-usb#footnotes\">3</a>, the drive can accommodate your bulkiest media files and documents.</p>\r\n\r\n<h3><strong>MOVE FILES QUICKLY WITH FASTER TRANSFER SPEEDS</strong></h3>\r\n\r\n<p>With transfer speeds of up to 100MB/s<strong><a href=\"https://www.sandisk.com/home/usb-flash/ultra-usb#footnotes\">2</a></strong>&nbsp;the SanDisk Ultra USB 3.0 Flash Drive reduces the time you&#39;ll spend waiting for files to move from the flash drive to your computer. Enabled for USB 3.0, this fast drive lets you transfer and store large files up to ten times faster than USB 2.0 drives.<strong><a href=\"https://www.sandisk.com/home/usb-flash/ultra-usb#footnotes\">2</a></strong></p>\r\n\r\n<h3><strong>HIGH-CAPACITY DRIVE ACCOMMODATES LARGE FILES</strong></h3>\r\n\r\n<p>Offered in capacities up to 256GB<strong><a href=\"https://www.sandisk.com/home/usb-flash/ultra-usb#footnotes\">3</a></strong>&nbsp;the SanDisk Ultra USB 3.0 Flash Drive can hold all your favorite media and important documents, including high-resolution photos, MP3s, movies, presentations, and graphic files.</p>\r\n\r\n<h3><strong>STYLISH, PORTABLE DESIGN</strong></h3>\r\n\r\n<p>With its sleek black design, the SanDisk Ultra USB 3.0 Flash Drive is as stylish as it is practical. This compact and portable drive can easily travel with you in a pocket or handbag.</p>\r\n', 1, 32),
(49, 'USB 3.0 SanDisk Ultra Flair CZ73  64GB 130MBs', 23, 40, 'sandisk-ultra-flair-cz73-09-8588b073-f823-4150-9f51-4d255c143da5.jpg,sandisk-ultra-flair-cz73-10-39f5b2a7-0ba1-4ee3-b562-540b20d2ea14.jpg,sandisk-ultra-flair-cz73-64.jpg', 2, 2, '<ul>\r\n	<li>\r\n		Product type: USB 3.0\r\n	</li>\r\n	<li>\r\n		Capacity: 64 GB\r\n	</li>\r\n	<li>\r\n		Material: Metal\r\n	</li>\r\n	<li>\r\n		Read speed: 130 MB / s\r\n	</li>\r\n	<li>\r\n		Warranty: 5 years\r\n	</li>\r\n</ul>\r\n', '<h2><strong>TRANSFER A FULL-LENGTH MOVIE IN LESS THAN 40 SECONDS</strong><a href=\"https://www.sandisk.com/home/usb-flash/ultra-usb#footnotes\">1</a></h2>\r\n\r\n<p>The SanDisk Ultra USB 3.0 Flash Drive combines faster data speeds and generous capacity in a compact, stylish package. Spend less time waiting and transfer files to the drive up to ten times faster than with a standard USB 2.0 drive.<strong><a href=\"https://www.sandisk.com/home/usb-flash/ultra-usb#footnotes\">2</a></strong>&nbsp;With storage capacities up to 256GB<a href=\"https://www.sandisk.com/home/usb-flash/ultra-usb#footnotes\">3</a>, the drive can accommodate your bulkiest media files and documents.</p>\r\n\r\n<h3><strong>MOVE FILES QUICKLY WITH FASTER TRANSFER SPEEDS</strong></h3>\r\n\r\n<p>With transfer speeds of up to 100MB/s<strong><a href=\"https://www.sandisk.com/home/usb-flash/ultra-usb#footnotes\">2</a></strong>&nbsp;the SanDisk Ultra USB 3.0 Flash Drive reduces the time you&#39;ll spend waiting for files to move from the flash drive to your computer. Enabled for USB 3.0, this fast drive lets you transfer and store large files up to ten times faster than USB 2.0 drives.<strong><a href=\"https://www.sandisk.com/home/usb-flash/ultra-usb#footnotes\">2</a></strong></p>\r\n\r\n<h3><strong>HIGH-CAPACITY DRIVE ACCOMMODATES LARGE FILES</strong></h3>\r\n\r\n<p>Offered in capacities up to 256GB<strong><a href=\"https://www.sandisk.com/home/usb-flash/ultra-usb#footnotes\">3</a></strong>&nbsp;the SanDisk Ultra USB 3.0 Flash Drive can hold all your favorite media and important documents, including high-resolution photos, MP3s, movies, presentations, and graphic files.</p>\r\n\r\n<h3><strong>STYLISH, PORTABLE DESIGN</strong></h3>\r\n\r\n<p>With its sleek black design, the SanDisk Ultra USB 3.0 Flash Drive is as stylish as it is practical. This compact and portable drive can easily travel with you in a pocket or handbag.</p>\r\n', 1, 64),
(50, 'USB 3.0 SanDisk Ultra SDCZ48 16GB 100MBs', 7, 50, 'sandisk-cz48-01.jpg,sandisk-cz48-02.jpg,sandisk-cz48-04.jpg', 2, 2, '<ul>\r\n	<li>\r\n		Product type: USB 3.0\r\n	</li>\r\n	<li>\r\n		Capacity: 16 GB\r\n	</li>\r\n	<li>\r\n		Plastic material\r\n	</li>\r\n	<li>\r\n		Read speed: 100 MB / s\r\n	</li>\r\n	<li>\r\n		Warranty: 5 years\r\n	</li>\r\n</ul>\r\n', '<h3><strong>HIGH-CAPACITY DRIVE ACCOMMODATES LARGE FILES</strong></h3>\r\n\r\n<p>Offered in capacities up to 256GB<strong><a href=\"https://www.sandisk.com/home/usb-flash/ultra-usb#footnotes\">3</a></strong>&nbsp;the SanDisk Ultra USB 3.0 Flash Drive can hold all your favorite media and important documents, including high-resolution photos, MP3s, movies, presentations, and graphic files.</p>\r\n\r\n<p><strong>STYLISH, PORTABLE DESIGN</strong></p>\r\n\r\n<p>With its sleek black design, the SanDisk Ultra USB 3.0 Flash Drive is as stylish as it is practical. This compact and portable drive can easily travel with you in a pocket or handbag.</p>\r\n\r\n<p><strong>SANDISK SECUREACCESS&trade; SOFTWARE KEEPS FILES PRIVATE</strong></p>\r\n\r\n<p>The SanDisk Ultra USB 3.0 Flash Drive includes SanDisk SecureAccess software, which lets you set up a password-protected private folder on your drive.<a href=\"https://www.sandisk.com/home/usb-flash/ultra-usb#footnotes\">4</a>&nbsp;&nbsp;Your files will be secured with 128-bit AES encryption to help keep them confidential, even when sharing the drive with others.</p>\r\n\r\n<p><strong>WARRANTY</strong></p>\r\n\r\n<p>The SanDisk Ultra USB 3.0 Flash Drive is backed by a five-year limited warranty.<a href=\"https://www.sandisk.com/home/usb-flash/ultra-usb#footnotes\">5</a></p>\r\n', 1, 16),
(51, 'USB 3.0 SanDisk Ultra SDCZ48 32GB 100MBs', 15, 35, 'sandisk-cz48-01-82b8867c-b8c0-4af7-8488-0ebab9acd8cf.jpg,sandisk-cz48-02-0e80afde-b5fc-4a22-9a76-e8c938138166.jpg,sandisk-cz48-03-6afb04ae-8bb1-4db5-8e6a-3d0f89e58e48.jpg', 2, 2, '<ul>\r\n	<li>\r\n		Product type: USB 3.0\r\n	</li>\r\n	<li>\r\n		Capacity: 32 GB\r\n	</li>\r\n	<li>\r\n		Plastic material\r\n	</li>\r\n	<li>\r\n		Read speed: 100 MB / s\r\n	</li>\r\n	<li>\r\n		Warranty: 5 years\r\n	</li>\r\n</ul>\r\n', '<h3><strong>HIGH-CAPACITY DRIVE ACCOMMODATES LARGE FILES</strong></h3>\r\n\r\n<p>Offered in capacities up to 256GB<strong><a href=\"https://www.sandisk.com/home/usb-flash/ultra-usb#footnotes\">3</a></strong>&nbsp;the SanDisk Ultra USB 3.0 Flash Drive can hold all your favorite media and important documents, including high-resolution photos, MP3s, movies, presentations, and graphic files.</p>\r\n\r\n<p><strong>STYLISH, PORTABLE DESIGN</strong></p>\r\n\r\n<p>With its sleek black design, the SanDisk Ultra USB 3.0 Flash Drive is as stylish as it is practical. This compact and portable drive can easily travel with you in a pocket or handbag.</p>\r\n\r\n<p><strong>SANDISK SECUREACCESS&trade; SOFTWARE KEEPS FILES PRIVATE</strong></p>\r\n\r\n<p>The SanDisk Ultra USB 3.0 Flash Drive includes SanDisk SecureAccess software, which lets you set up a password-protected private folder on your drive.<a href=\"https://www.sandisk.com/home/usb-flash/ultra-usb#footnotes\">4</a>&nbsp;&nbsp;Your files will be secured with 128-bit AES encryption to help keep them confidential, even when sharing the drive with others.</p>\r\n\r\n<p><strong>WARRANTY</strong></p>\r\n\r\n<p>The SanDisk Ultra USB 3.0 Flash Drive is backed by a five-year limited warranty.<a href=\"https://www.sandisk.com/home/usb-flash/ultra-usb#footnotes\">5</a></p>\r\n', 1, 32),
(52, 'USB 3.1 Kingston Zodiac Puppy 2018 32GB Limited Edition', 30, 50, 'zodiac-puppy-2018-01.jpg,zodiac-puppy-2018-02.jpg,zodiac-puppy-2018-07.jpg', 2, 5, '<ul>\r\n	<li>\r\n		Product type: USB\r\n	</li>\r\n	<li>\r\n		Capacity: 32 GB\r\n	</li>\r\n	<li>\r\n		Connection standards: USB 3.1, 3.0, 2.0\r\n	</li>\r\n	<li>\r\n		Material: Metal\r\n	</li>\r\n	<li>\r\n		Read speed: 100 MB / s\r\n	</li>\r\n	<li>\r\n		Warranty: 5 years\r\n	</li>\r\n</ul>\r\n', '<blockquote>\r\n<p>USB 3.1 Kingston Zodiac Puppy 2018 32GB</p>\r\n</blockquote>\r\n\r\n<p><strong>Limited version</strong></p>\r\n\r\n<p><strong>USB 3.1 Kingston Zodiac Puppy 2018 32GB</strong> is a special limited edition for the 2018 Tet holiday in Asian markets. With a unique design the dog creates a lucky symbol at the beginning of the new year. The product is contained in a very luxurious metal box, suitable for use as a gift or souvenir. With limited production, this is the USB you need to own right in the Tet Tuat Tet holiday. The 2018 USB 3.1 Kingston Zodiac Puppy has a high-speed 3.1 interface, which ensures the performance and speed required for a high-end USB. Also compatible with USB 3.0, 2.0, 1.1 ports. USB 3.1 is the successor to the USB 3.0 standard, which can be identified by the green connection port. USB 3.1 doubles the transfer rate to 10Gbps, which is fully compatible with older devices. Kingston Zodiac Puppy USB 3.1 2018 is backed by a 5-year warranty.</p>\r\n', 1, 32),
(53, 'USB 3.1 Samsung BAR Plus 32GB MUF-32BE', 19, 29, 'bar-plus-silver-01.jpg,muf-32be-01.jpg,muf-32be-02.jpg', 2, 3, '<ul>\r\n	<li>\r\n		Product type: USB 3.1\r\n	</li>\r\n	<li>\r\n		Capacity: 32 GB\r\n	</li>\r\n	<li>\r\n		Material: Metal\r\n	</li>\r\n	<li>\r\n		Read speed: 150 MB / s\r\n	</li>\r\n	<li>\r\n		Warranty: 2 years\r\n	</li>\r\n</ul>\r\n', '<h2>Speed in Style</h2>\r\n\r\n<p>A modern take on a classic. The next generation Bar Plus elevates the flash drive to an everyday essential, offering impressive speeds in a striking design. Fits in your hand, a pure minimalism that cleverly blends style, speed, and reliability</p>\r\n\r\n<h2>Move Files in a Flash&nbsp;</h2>\r\n\r\n<p>Get your time back. Fast and convenient read speeds up to 300 MB/s&sup1; with the latest USB 3.1 standard gives you more time to work, play, watch, and create. Send a 3GB 4K UHD video file from your Bar Plus to your PC in just 10 seconds&sup2;.</p>\r\n\r\n<p>&sup1;Up to 300 MB/s for 256/128GB models; Up to 200 MB/s for 64/32GB models.<br />\r\n<br />\r\n&sup2;Minimum of 10 secs for 256/128GB models; Minimum of 14 secs for 64/32GB models (tested with combination of Asus Z370-G, Intel i7-8700K@3.70GHz, 8GB DDR4 and Windows 10 Enterprise 64bit).</p>\r\n\r\n<h2>Rugged Refinement</h2>\r\n\r\n<p>As rugged as it is stylish. The sturdy metal body keeps your data safe and intact, and the integrated key ring prevents accidental misplacement or loss. The Bar Plus is the ideal combination of stunning design and worry-free durability.</p>\r\n\r\n<h2>Tough &amp; Trusted</h2>\r\n\r\n<p>Files stay secure, anywhere you go. Samsung&#39;s leadership in flash memory makes the Bar Plus a trustworthy drive to store your valuable data. It works through it all with a waterproof&sup1;, shock-proof&sup2;, temperature-proof&sup3;, magnet-proof&#8308;, and X-ray-proof&#8309; body, all backed by a 5-year limited warranty&#8310;.</p>\r\n', 1, 32),
(54, 'USB 3.1 Samsung BAR Plus 64GB MUF-64BE', 40, 30, 'bar-plus-silver-01-d0a0beec-ef5b-4f79-996d-bc17cf0a5a3d.jpg,muf-64be-01.jpg,muf-64be-02.jpg', 2, 3, '<ul>\r\n	<li>\r\n		Product type: USB 3.1\r\n	</li>\r\n	<li>\r\n		Capacity: 64 GB\r\n	</li>\r\n	<li>\r\n		Material: Metal\r\n	</li>\r\n	<li>\r\n		Read speed: 150 MB / s\r\n	</li>\r\n	<li>\r\n		Warranty: 2 years\r\n	</li>\r\n</ul>\r\n', '<h2>Speed in Style</h2>\r\n\r\n<p>A modern take on a classic. The next generation Bar Plus elevates the flash drive to an everyday essential, offering impressive speeds in a striking design. Fits in your hand, a pure minimalism that cleverly blends style, speed, and reliability</p>\r\n\r\n<h2>Move Files in a Flash&nbsp;</h2>\r\n\r\n<p>Get your time back. Fast and convenient read speeds up to 300 MB/s&sup1; with the latest USB 3.1 standard gives you more time to work, play, watch, and create. Send a 3GB 4K UHD video file from your Bar Plus to your PC in just 10 seconds&sup2;.</p>\r\n\r\n<p>&sup1;Up to 300 MB/s for 256/128GB models; Up to 200 MB/s for 64/32GB models.<br />\r\n<br />\r\n&sup2;Minimum of 10 secs for 256/128GB models; Minimum of 14 secs for 64/32GB models (tested with combination of Asus Z370-G, Intel i7-8700K@3.70GHz, 8GB DDR4 and Windows 10 Enterprise 64bit).</p>\r\n\r\n<h2>Rugged Refinement</h2>\r\n\r\n<p>As rugged as it is stylish. The sturdy metal body keeps your data safe and intact, and the integrated key ring prevents accidental misplacement or loss. The Bar Plus is the ideal combination of stunning design and worry-free durability.</p>\r\n\r\n<h2>Tough &amp; Trusted</h2>\r\n\r\n<p>Files stay secure, anywhere you go. Samsung&#39;s leadership in flash memory makes the Bar Plus a trustworthy drive to store your valuable data. It works through it all with a waterproof&sup1;, shock-proof&sup2;, temperature-proof&sup3;, magnet-proof&#8308;, and X-ray-proof&#8309; body, all backed by a 5-year limited warranty&#8310;.</p>\r\n', 1, 64),
(55, 'USB 3.1 SanDisk Ultra Fit CZ430 16GB', 8, 30, 'cz430-01.jpg,cz430-02.jpg,cz430-16gb.jpg', 2, 2, '<ul>\r\n	<li>\r\n		Product type: USB 3.1\r\n	</li>\r\n	<li>\r\n		Capacity: 16 GB\r\n	</li>\r\n	<li>\r\n		Plastic material\r\n	</li>\r\n	<li>\r\n		Read speed: 135 MB / s\r\n	</li>\r\n	<li>\r\n		Warranty: 5 years\r\n	</li>\r\n</ul>\r\n', '<p><strong>USB 3.1 Sandisk Ultra Fit CZ430</strong></p>\r\n\r\n<p><strong>Move, store and share files ten times faster</strong></p>\r\n\r\n<p>With read speeds up to 130 MB / s 10 times faster than USB 2.0, the SanDisk Ultra Fit USB 3.1 CZ430 Flash Drive allows you to move, store and share your favorite information quickly fast. With up to 256GB capacity, maximize the storage space for your device quickly or move files between laptops, tablets, game consoles, TVs, sound systems Car bar, or other USB device. You can even transfer a full length movie in just 40 seconds. In addition, SanDisk Ultra Fit USB 3.1 CZ430 USB Flash Drive is backward compatible with USB 2.0 port for you to use with any device that supports USB port</p>\r\n\r\n<p><strong>Compact, Plug-and-Stay design and extremely large storage capacity</strong></p>\r\n\r\n<p>SanDisk Ultra Fit USB 3.1 CZ430 USB Flash Drive is designed to be extremely small, fits into the device&#39;s USB port and is designed to be plugged in continuously without removing it, so you don&#39;t have to worry about being fall or crack. And with a capacity of up to 256GB, you will have plenty of space for all photos, videos, music, and games.</p>\r\n\r\n<p>*** Because of its small size, the operating temperature can be higher than the large size models.</p>\r\n\r\n<p><strong>Bandwidth 3.1 extremely high speed</strong></p>\r\n\r\n<p>SanDisk Ultra Fit USB 3.1 CZ430 USB Flash Drive is equipped with ultra-wide 3.1 bandwidth for ultra-fast data transfer speeds of up to 130MB / s. 15 times more than USB 2.0 standard.</p>\r\n', 1, 16),
(56, 'USB 3.1 SanDisk Ultra Fit CZ430 32GB', 17, 35, 'cz430-01-d837ca85-776a-42dd-bbc2-e67edca45a2d.jpg,cz430-03-e74a4730-2c88-43e0-84a8-8bd157d66b80.jpg,cz430-32gb.jpg', 2, 2, '<ul>\r\n	<li>\r\n		Product type: USB 3.1\r\n	</li>\r\n	<li>\r\n		Capacity: 32 GB\r\n	</li>\r\n	<li>\r\n		Plastic material\r\n	</li>\r\n	<li>\r\n		Read speed: 135 MB / s\r\n	</li>\r\n	<li>\r\n		Warranty: 5 years\r\n	</li>\r\n</ul>\r\n', '<p><strong>USB 3.1 Sandisk Ultra Fit CZ430</strong></p>\r\n\r\n<p><strong>Move, store and share files ten times faster</strong></p>\r\n\r\n<p>With read speeds up to 130 MB / s 10 times faster than USB 2.0, the SanDisk Ultra Fit USB 3.1 CZ430 Flash Drive allows you to move, store and share your favorite information quickly fast. With up to 256GB capacity, maximize the storage space for your device quickly or move files between laptops, tablets, game consoles, TVs, sound systems Car bar, or other USB device. You can even transfer a full length movie in just 40 seconds. In addition, SanDisk Ultra Fit USB 3.1 CZ430 USB Flash Drive is backward compatible with USB 2.0 port for you to use with any device that supports USB port</p>\r\n\r\n<p><strong>Compact, Plug-and-Stay design and extremely large storage capacity</strong></p>\r\n\r\n<p>SanDisk Ultra Fit USB 3.1 CZ430 USB Flash Drive is designed to be extremely small, fits into the device&#39;s USB port and is designed to be plugged in continuously without removing it, so you don&#39;t have to worry about being fall or crack. And with a capacity of up to 256GB, you will have plenty of space for all photos, videos, music, and games.</p>\r\n\r\n<p>*** Because of its small size, the operating temperature can be higher than the large size models.</p>\r\n\r\n<p><strong>Bandwidth 3.1 extremely high speed</strong></p>\r\n\r\n<p>SanDisk Ultra Fit USB 3.1 CZ430 USB Flash Drive is equipped with ultra-wide 3.1 bandwidth for ultra-fast data transfer speeds of up to 130MB / s. 15 times more than USB 2.0 standard.</p>\r\n', 1, 32),
(57, 'USB 3.1 SanDisk Ultra Fit CZ430 64GB', 34, 20, 'cz430-01-875be2dc-31c5-4694-9046-88e51d7bb5fa.jpg,cz430-03-f2c06b41-c0a3-49e0-a68e-755d65c4cbe5.jpg,cz430-64gb.jpg', 2, 2, '<ul>\r\n	<li>\r\n		Product type: USB 3.1\r\n	</li>\r\n	<li>\r\n		Capacity: 64 GB\r\n	</li>\r\n	<li>\r\n		Plastic material\r\n	</li>\r\n	<li>\r\n		Read speed: 135 MB / s\r\n	</li>\r\n	<li>\r\n		Warranty: 5 years\r\n	</li>\r\n</ul>\r\n', '<p><strong>USB 3.1 Sandisk Ultra Fit CZ430</strong></p>\r\n\r\n<p><strong>Move, store and share files ten times faster</strong></p>\r\n\r\n<p>With read speeds up to 130 MB / s 10 times faster than USB 2.0, the SanDisk Ultra Fit USB 3.1 CZ430 Flash Drive allows you to move, store and share your favorite information quickly fast. With up to 256GB capacity, maximize the storage space for your device quickly or move files between laptops, tablets, game consoles, TVs, sound systems Car bar, or other USB device. You can even transfer a full length movie in just 40 seconds. In addition, SanDisk Ultra Fit USB 3.1 CZ430 USB Flash Drive is backward compatible with USB 2.0 port for you to use with any device that supports USB port</p>\r\n\r\n<p><strong>Compact, Plug-and-Stay design and extremely large storage capacity</strong></p>\r\n\r\n<p>SanDisk Ultra Fit USB 3.1 CZ430 USB Flash Drive is designed to be extremely small, fits into the device&#39;s USB port and is designed to be plugged in continuously without removing it, so you don&#39;t have to worry about being fall or crack. And with a capacity of up to 256GB, you will have plenty of space for all photos, videos, music, and games.</p>\r\n\r\n<p>*** Because of its small size, the operating temperature can be higher than the large size models.</p>\r\n\r\n<p><strong>Bandwidth 3.1 extremely high speed</strong></p>\r\n\r\n<p>SanDisk Ultra Fit USB 3.1 CZ430 USB Flash Drive is equipped with ultra-wide 3.1 bandwidth for ultra-fast data transfer speeds of up to 130MB / s. 15 times more than USB 2.0 standard.</p>\r\n', 1, 64),
(58, 'SSD Corsair Force Series MP510 240GB NVMe PCIe M.2 Gen3 x4 3D-NAND', 120, 12, 'mp510-01.jpg,mp510-04.jpg,mp510-05.jpg', 3, 7, '<ul>\r\n	<li>\r\n		Standard SSD: M.2 NVMe Gen3 x4\r\n	</li>\r\n	<li>\r\n		Reading speed: 3000 MB / s\r\n	</li>\r\n	<li>\r\n		Write speed: 1050 MB / s\r\n	</li>\r\n	<li>\r\n		Warranty 60 months 1 for 1.\r\n	</li>\r\n</ul>\r\n', '<h1>EXTREME STORAGE PERFORMANCE</h1>\r\n\r\n<p>All-new extreme data performance controller delivers up to 3,480MB/sec sequential read, and up to 3,000MB/s sequential write, for blazing fast read, write and response times.</p>\r\n\r\n<h1>HIGH-SPEED NVME PCIE GEN3&nbsp;x4 M.2 INTERFACE</h1>\r\n\r\n<p>For simple connection and maximum bandwidth.</p>\r\n\r\n<h1>HIGH-DENSITY 3D TLC NAND</h1>\r\n\r\n<p>Provides the ideal mix of performance, endurance and value to keep your drive performing at its best for years.</p>\r\n', 1, 240),
(59, 'SSD Crucial BX500 3D NAND SATA III 2.5 inch 120GB CT120BX500SSD1', 30, 30, 'bx500-120-01.jpg,bx500-120-02.jpg', 3, 6, '<ul>\r\n	<li>\r\n		Standard SSD: 2.5 inches\r\n	</li>\r\n	<li>\r\n		Read speed: 540 MB / s\r\n	</li>\r\n	<li>\r\n		Recording speed: 500 MB / s\r\n	</li>\r\n	<li>\r\n		Warranty: 3 years 1 for 1\r\n	</li>\r\n</ul>\r\n', '<table border=\"0\" cellpadding=\"1\" style=\"width:100%\">\r\n	<tbody>\r\n		<tr>\r\n			<td>\r\n			<p><a href=\"https://www.memoryzone.com.vn/ssd-crucial-bx500-3d-nand-sata-iii-2-5-inch-120gb-ct120bx500ssd1\"><strong>SSD Crucial BX500 3D NAND Sata III</strong></a></p>\r\n\r\n			<p><strong>Super high performance - Long&nbsp;life</strong></p>\r\n\r\n			<p>Crucial BX500 3D NAND Sata III SSD with the most advanced technology to increase the speed, durability, and overall performance of your system. Your computer will boot and load extremely heavy programs in seconds when equipped with the latest 3D NAND flash technology with the proven success of previous BX-series SSDs. Crucial BX500 3D NAND Sata III SSD drives not only increase system performance but also helps you store all important data. Micron - The best quality in the world</p>\r\n			</td>\r\n			<td><img src=\"https://bizweb.dktcdn.net/100/329/122/files/bx500-120-06.jpg?v=1537172765030\" style=\"width:100%\" /></td>\r\n		</tr>\r\n	</tbody>\r\n</table>\r\n\r\n<table border=\"0\" cellpadding=\"1\" style=\"width:100%\">\r\n	<tbody>\r\n		<tr>\r\n			<td><img src=\"https://static.memoryzone.com.vn/wp-content/uploads/2017/12/MX500-11.jpg\" style=\"width:100%\" /></td>\r\n			<td>\r\n			<p>Micron&reg; 3D-NAND proprietary technology</p>\r\n\r\n			<p>All components for the production of Micron products are extremely rigorous to achieve the highest quality. As a result, SSD Crucial BX500 3D NAND Sata III only uses an extremely low amount of power, Micron 3D NAND technology to optimize speed and durability and still have extremely affordable prices. In addition, the Crucial BX500 3D NAND Sata III SSD drive protects your data with 256-bit AES encryption on RAIN hardware and technology: proprietary technology for data data security used in defense .</p>\r\n			</td>\r\n		</tr>\r\n	</tbody>\r\n</table>\r\n', 1, 120),
(60, 'SSD Crucial MX300 M.2 2280 SATA III 1TB', 260, 12, 'mx300-m2-01.jpg,mx300-m2-02.jpg,mx300-m2-03.jpg', 3, 6, '<ul>\r\n	<li>\r\n		SSD standard: M.2 2280 SATA III\r\n	</li>\r\n	<li>\r\n		Read speed: 530 MB / s\r\n	</li>\r\n	<li>\r\n		Write speed: 510 MB / s\r\n	</li>\r\n	<li>\r\n		Warranty: 3 years\r\n	</li>\r\n</ul>\r\n', '<table border=\"0\" cellpadding=\"1\" style=\"width:100%\">\r\n	<tbody>\r\n		<tr>\r\n			<td>\r\n			<p><strong>Crucial MX300 SSD hard drive</strong></p>\r\n\r\n			<p><strong>Extremely high performance, long life</strong></p>\r\n\r\n			<p>The SSD Crucial MX300 with the most advanced technology helps increase the speed, durability, and overall performance of your system. Your computer will launch and load extremely heavy programs in seconds when equipped with the latest 3D NAND flash technology with the proven success of previous SSD MX series. The SSD Crucial MX300 not only boosts system performance but also helps you store all important data. Micron - World&#39;s Best Quality Is a brand of Micron - one of the memory manufacturers The largest flash in the world, the SSD Crucial MX300 hard drive is equipped with the most advanced memory storage technologies in the world. With over a thousand hours of testing and hundreds of quality tests before shipping. The SSD Crucial MX300 will give you a quality product that you can trust absolutely.</p>\r\n			</td>\r\n			<td><img alt=\" width=\" src=\"https://static.memoryzone.com.vn/wp-content/uploads/2017/01/MX300-03.jpg\" style=\"width:100%\" /></td>\r\n		</tr>\r\n	</tbody>\r\n</table>\r\n\r\n<table border=\"0\" cellpadding=\"1\" style=\"width:100%\">\r\n	<tbody>\r\n		<tr>\r\n			<td><img alt=\" width=\" src=\"https://static.memoryzone.com.vn/wp-content/uploads/2017/01/MX300-04.jpg\" style=\"width:100%\" /></td>\r\n			<td>\r\n			<p><strong>Improve system performance</strong></p>\r\n\r\n			<p>SSD hard drive Crucial MX300 has a read speed of up to 530 MB / s and write speeds of up to 510 MB / s make your computer bootable almost immediately, reducing program loading time, speed up when needed. In addition, Crucial&#39;s proprietary Dynamic Write Acceleration technology maximizes the read speed of Random recording.</p>\r\n			</td>\r\n		</tr>\r\n	</tbody>\r\n</table>\r\n', 1, 1000),
(62, 'SSD Intel Optane 900P PCIe NVMe Gen3.0 x4 480GB', 600, 4, 'inteloptane900p01.jpg', 3, 11, '<ul>\r\n	<li>\r\n		Standard SSD: M.2 NVMe Gen3 x4\r\n	</li>\r\n	<li>\r\n		Read speed: 2500 MB / s\r\n	</li>\r\n	<li>\r\n		Recording speed: 2000 MB / s\r\n	</li>\r\n	<li>\r\n		Warranty: 5 years\r\n	</li>\r\n</ul>\r\n', '<table border=\"0\" cellpadding=\"1\" style=\"width:100%\">\r\n	<tbody>\r\n		<tr>\r\n			<td><strong>Intel Optane SSD hard drive 900P PCIe NVMe Gen3.0 x4 Fastest hard drive - World&#39;s most durable Intel is a brand leader in converting technology from SATA to PCIe to Intel&reg; SSD Optane 900P PCIe NVMe Gen3.0 x4, targeted at product line WorkStation, Games, and Workstation users.</strong></td>\r\n			<td><img src=\"https://static.memoryzone.com.vn/wp-content/uploads/2017/11/Intel-Optane-900P-05.jpg\" style=\"width:100%\" /></td>\r\n		</tr>\r\n	</tbody>\r\n</table>\r\n\r\n<table border=\"0\" cellpadding=\"1\" style=\"width:100%\">\r\n	<tbody>\r\n		<tr>\r\n			<td><img src=\"https://static.memoryzone.com.vn/wp-content/uploads/2017/11/Intel-Optane-900P-06.jpg\" style=\"width:100%\" /></td>\r\n			<td><strong>Maximize system speed Intel Optane SSD 900P PCIe NVMe Gen3.0 x4 accelerates the most frequently used tasks of your computer such as booting the system, searching for files, ..</strong></td>\r\n		</tr>\r\n	</tbody>\r\n</table>\r\n\r\n<table border=\"0\" cellpadding=\"1\" style=\"width:100%\">\r\n	<tbody>\r\n		<tr>\r\n			<td>Extremely high performance Intel Optane SSD 900P PCIe NVMe Gen3.0 x4 with write speed of 2500-2000 MB / s with Random 4K up to 550,000 IOPs combined with aluminum heatsink.</td>\r\n			<td><img src=\"https://static.memoryzone.com.vn/wp-content/uploads/2017/11/Intel-Optane-900P-07.jpg\" style=\"width:100%\" /></td>\r\n		</tr>\r\n	</tbody>\r\n</table>\r\n\r\n<table border=\"0\" cellpadding=\"1\" style=\"width:100%\">\r\n	<tbody>\r\n		<tr>\r\n			<td><img src=\"https://static.memoryzone.com.vn/wp-content/uploads/2017/11/Intel-Optane-900P-09.jpg\" style=\"width:100%\" /></td>\r\n			<td><strong>Intel - World&#39;s leading storage system With Intel&#39;s Optane 900P PCIe Series SSDs, Intel has launched an extremely superior product.</strong></td>\r\n		</tr>\r\n	</tbody>\r\n</table>\r\n', 1, 480),
(63, 'SSD Kingston A1000 PCIe Gen3 x2 NVMe M.2 480GB SA1000M8480G', 150, 20, 'a1000-01-aab98705-becd-46a8-a175-6fd4819320c2.jpg,a1000-02-7ec0fe92-1d53-4ba2-a913-873277d716cc.jpg,a1000-03-a1be0b27-8a9e-48b6-b5fd-03ff805628e8.jpg', 3, 5, '<ul>\r\n	<li>\r\n		Standard SSD: M.2 NVMe Gen3 x2\r\n	</li>\r\n	<li>\r\n		Read speed: 1500 MB / s\r\n	</li>\r\n	<li>\r\n		Recording speed: 900 MB / s\r\n	</li>\r\n	<li>\r\n		Genuine warranty 5 years 1 exchange 1\r\n	</li>\r\n</ul>\r\n', '<table border=\"0\" cellpadding=\"1\" style=\"width:100%\">\r\n	<tbody>\r\n		<tr>\r\n			<td><img src=\"https://bizweb.dktcdn.net/100/329/122/files/a1000-5.jpg?v=1537852705409\" style=\"width:100%\" /></td>\r\n			<td>\r\n			<p>20 times faster than HDD</p>\r\n\r\n			<p>With incredible read and write speed, Kingston A1000 PCIe SSD hard drive Gen3 x2 NVMe M.2 will increase the overall performance of the computer to the maximum, helping you handle work extremely quickly.</p>\r\n			</td>\r\n		</tr>\r\n	</tbody>\r\n</table>\r\n\r\n<table border=\"0\" cellpadding=\"1\" style=\"width:100%\">\r\n	<tbody>\r\n		<tr>\r\n			<td>\r\n			<p><strong>Interfaces M.2</strong></p>\r\n\r\n			<p>Kingston A1000 PCIe Gen3 x2 NVMe M.2 SSD with M.2 PCIe Gen3 x2 interface is extremely compact, space-saving, is the solution to upgrade computers without removing the HDD in the machine.</p>\r\n			</td>\r\n			<td><img src=\"https://bizweb.dktcdn.net/100/329/122/files/a1000-6.jpg?v=1537852714119\" style=\"width:100%\" /></td>\r\n		</tr>\r\n	</tbody>\r\n</table>\r\n\r\n<table border=\"0\" cellpadding=\"1\" style=\"width:100%\">\r\n	<tbody>\r\n		<tr>\r\n			<td><img src=\"https://bizweb.dktcdn.net/100/329/122/files/a1000-07.jpg?v=1537852723055\" style=\"width:80%\" /></td>\r\n			<td>\r\n			<p><strong>Design one-sided chip</strong></p>\r\n\r\n			<p>Kingston A1000 PCIe SSD hard drive Gen3 x2 NVMe M.2 with one-sided chip design helps to suit all the smallest space conditions, avoiding touching components on the motherboard.</p>\r\n			</td>\r\n		</tr>\r\n	</tbody>\r\n</table>\r\n', 1, 480),
(64, 'SSD Kingston HyperX Fury RGB 3D-NAND 240GB 2.5 inch SATA III SHFR200240G', 130, 35, 'hyperx-fury-rgb-01.jpg,hyperx-fury-rgb-02.jpg', 3, 5, '<ul>\r\n	<li>\r\n		Standard SSD: 2.5 inches\r\n	</li>\r\n	<li>\r\n		Reading speed: 560 MB / s\r\n	</li>\r\n	<li>\r\n		Recording speed: 530 MB / s\r\n	</li>\r\n	<li>\r\n		Warranty: 3 years\r\n	</li>\r\n</ul>\r\n', '<table border=\"0\" cellpadding=\"0\" style=\"width:100%\">\r\n	<tbody>\r\n		<tr>\r\n			<td><strong>Effects RGB 16 million colors</strong></td>\r\n			<td>&nbsp;</td>\r\n		</tr>\r\n	</tbody>\r\n</table>\r\n\r\n<table border=\"0\" cellpadding=\"0\" style=\"width:100%\">\r\n	<tbody>\r\n		<tr>\r\n			<td>\r\n			<p><strong>Synchronization with other RGB devices</strong></p>\r\n\r\n			<p>RGB effect of SSD hard drive HyperX Fury RGB 3D-NAND can be synchronized with other devices in your computer system RGB. Helping the effects blending seamlessly, giving your Gaming System system more prominence.</p>\r\n			</td>\r\n			<td>&nbsp;</td>\r\n		</tr>\r\n	</tbody>\r\n</table>\r\n\r\n<table border=\"0\" cellpadding=\"0\" style=\"width:100%\">\r\n	<tbody>\r\n		<tr>\r\n			<td><img src=\"https://bizweb.dktcdn.net/100/329/122/files/hyperx-fury-rgb-10.jpg?v=1542266496359\" /></td>\r\n			<td>\r\n			<p><strong>Ultra-high-performance 3D-NAND technology</strong></p>\r\n\r\n			<p>SSD HyperX Fury RGB 3D-NAND hard drive is equipped with the latest 3D-NAND technology, giving extremely high and stable performance with extremely good price.</p>\r\n			</td>\r\n		</tr>\r\n	</tbody>\r\n</table>\r\n\r\n<p>3 year warranty</p>\r\n\r\n<p>HyperX Fury RGB 3D-NAND SSD hard drive is guaranteed to be 100% new for 1 year and 1 year.</p>\r\n\r\n<p>Free installation technical support.</p>\r\n\r\n<table border=\"0\" cellpadding=\"0\" style=\"width:100%\">\r\n	<tbody>\r\n		<tr>\r\n			<td>&nbsp;</td>\r\n		</tr>\r\n	</tbody>\r\n</table>\r\n', 1, 240),
(65, 'SSD Kingston UV500 3D-NAND SATA III 120GB SUV500120G', 30, 50, 'suv500-2-5-inches-01.jpg,suv500-2-5-inches-120gb.jpg', 3, 5, '<ul>\r\n	<li>\r\n		Standard SSD: 2.5 inches\r\n	</li>\r\n	<li>\r\n		Reading speed: 560 MB / s\r\n	</li>\r\n	<li>\r\n		Write speed: 530 MB / s\r\n	</li>\r\n	<li>\r\n		Warranty: 3 years\r\n	</li>\r\n</ul>\r\n', '<p><strong>Kingston UV500 Series SSD hard drive</strong></p>\r\n\r\n<p><strong>Enjoy new power in your computer system</strong></p>\r\n\r\n<p>Kingston&#39;s Kingston UV500 Series SSD is equipped with Marvell four-channel control chip with amazing speed and higher performance than a mechanical HDD hard drive.&nbsp;Dramatically improve the responsiveness of the current system and 10 times faster than a 7200RPM hard drive.&nbsp;With extremely high reliability and durability, the Kingston UV500 Series SSD hard drive uses 3D-NAND flash memory with excellent anti-shock and anti-vibration capabilities and is less likely to damage than a regular HDD hard drive.&nbsp;Suitable for many portable devices such as Laptops, Macbooks, etc. The Kingston UV500 Series SSD hard drives come in a variety of capacities ranging from 120GB to 960GB, giving you a wide range of options to suit your needs. About storage space for all files, applications, videos, photos and other important documents.&nbsp;In addition,</p>\r\n\r\n<p><strong>Marvell control chip</strong></p>\r\n\r\n<p>The Kingston UV500 Series SSD is equipped with a 4-channel Marvell controller with impressive speed for both compressed and uncompressed data.&nbsp;It has an optimized processor for super high performance and durability.</p>\r\n', 1, 120),
(67, 'SSD Samsung 860 Evo 250GB 2.5-Inch SATA III MZ-76E250BW', 50, 60, '860-evo-2-5-inch-01-d0b3ac57-309c-4112-9430-d440ad904689.jpg,860-evo-2-5-inch-03.jpg,860-evo-2-5-inch-04.jpg', 3, 3, '<p>\r\n	Standard SSD: 2.5 inches<br>\r\n	Read speed: 550 MB / s<br>\r\n	Write speed: 520 MB / s<br>\r\n	Warranty: 5 years\r\n</p>\r\n', '<h2><strong>Boosted endurance</strong></h2>\r\n\r\n<p>Safely store and render large sized 4K videos and 3D data used by the latest applications, up to 8x higher TBW (Terabytes Written)* than the previous 850 EVO. The latest V-NAND technology gives you up to 2,400 TBW, or is backed by a 5-year limited warranty.*</p>\r\n\r\n<h2><strong>Smart compatibility</strong></h2>\r\n\r\n<p>Benefit from faster, more fluid communication with your host system. The refined ECC* algorithm and a new MJX controller generate higher speeds, and the improved queued trim enhances Linux compatibility. Our advanced engineering makes the 860 EVO more compatible with your computing system.</p>\r\n\r\n<h2><strong>Multi form factors</strong></h2>\r\n\r\n<p>Whatever size your computer needs, there is an 860 EVO for you. Choose among the 2.5-inch size for desktop PCs and laptops, and the SATA-based M.2 (2280) or the mSATA for ultra-slim computing devices.</p>\r\n', 1, 250),
(68, 'SSD Samsung 860 Evo 250GB M.2 2280 SATA III MZ-N6E250BW', 49, 25, '860-evo-m-2-250gb-01.jpg,860-evo-m-2-250gb-03.jpg,860-evo-m-2-250gb-04.jpg', 3, 1, '<ul>\r\n	<li>\r\n		SSD standard: M.2 2280 SATA III\r\n	</li>\r\n	<li>\r\n		Read speed: 550 MB / s\r\n	</li>\r\n	<li>\r\n		Recording speed: 520 MB / s\r\n	</li>\r\n	<li>\r\n		Warranty 5 years 1 exchange 1.\r\n	</li>\r\n</ul>\r\n', '<p><strong>Hard drive&nbsp;Samsung SSD 860 line drives to be upgraded from the current 850 EVO reputation and best-selling worldwide, is the best choice for gamers in both price and performance is confirmed and detailed evaluation Details by the world&#39;s leading technology magazines such as Cnet, thessdreview, the PC World.&nbsp;TweakTown ..</strong></p>\r\n\r\n<p><strong>Samsung 64-Layer 3D V-NAND Technology</strong></p>\r\n\r\n<p>Samsung Technology 64-Samsung&#39;s 3D Layer V-NAND is a breakthrough in Flash memory architecture by increasing the density, performance, and limit of endurance of conventional flat NAND architecture.&nbsp;The Samsung 3D V-NAND technology arranges 64 layers of longitudinal Cell cells which increases the Cell density higher and performs twice as well as the 32-Layer technology used on 850 series.</p>\r\n\r\n<p><strong>Optimize speed to the maximum</strong></p>\r\n\r\n<p>Achieve incredible read / write performance, help you complete your daily tasks quickly with&nbsp;Samsung&#39;s&nbsp;<strong>Intelligent TurboWrite</strong>&nbsp;technology&nbsp;.&nbsp;With this new technology, Samsung 860 EVO performance is increased 1.9 times compared to the 840 Evo.&nbsp;Samsung 860 EVO SSD hard drive offers top class read speed (550MB / s) and write (520Mb / s).&nbsp;Also, optimize random performance IOPs up to 98k.</p>\r\n', 1, 250),
(69, 'SSD Samsung 860 Evo 500GB 2.5-Inch SATA III MZ-76E500BW', 70, 40, '860-evo-2-5-inch-01.jpg,860-evo-2-5-inch-02-2809749d-cf4b-43a0-b0be-ce2e49615337.jpg,860-evo-2-5-inch-04-cac55405-ab76-4575-8f40-6d62ee1d016e.jpg', 3, 3, '<ul>\r\n	<li>\r\n		SSD standard: M.2 2280 SATA III\r\n	</li>\r\n	<li>\r\n		Read speed: 550 MB / s\r\n	</li>\r\n	<li>\r\n		Recording speed: 520 MB / s\r\n	</li>\r\n	<li>\r\n		Warranty 5 years 1 exchange 1.\r\n	</li>\r\n</ul>\r\n', '<p><strong>Hard drive&nbsp;Samsung SSD 860 line drives to be upgraded from the current 850 EVO reputation and best-selling worldwide, is the best choice for gamers in both price and performance is confirmed and detailed evaluation Details by the world&#39;s leading technology magazines such as Cnet, thessdreview, the PC World.&nbsp;TweakTown ..</strong></p>\r\n\r\n<p><strong>Samsung 64-Layer 3D V-NAND Technology</strong></p>\r\n\r\n<p>Samsung Technology 64-Samsung&#39;s 3D Layer V-NAND is a breakthrough in Flash memory architecture by increasing the density, performance, and limit of endurance of conventional flat NAND architecture.&nbsp;The Samsung 3D V-NAND technology arranges 64 layers of longitudinal Cell cells which increases the Cell density higher and performs twice as well as the 32-Layer technology used on 850 series.</p>\r\n\r\n<p><strong>Samsung 64-Layer 3D V-NAND Technology</strong></p>\r\n\r\n<p>Samsung Technology 64-Samsung&#39;s 3D Layer V-NAND is a breakthrough in Flash memory architecture by increasing the density, performance, and limit of endurance of conventional flat NAND architecture.&nbsp;The Samsung 3D V-NAND technology arranges 64 layers of longitudinal Cell cells which increases the Cell density higher and performs twice as well as the 32-Layer technology used on 850 series.</p>\r\n', 1, 500),
(70, 'SSD Samsung 860 Pro Series 512GB MZ-76P512BW', 85, 20, '860-evo-2-5-inch-04-cac55405-ab76-4575-8f40-6d62ee1d016e.jpg,860-pro-2-5-inch-01-0956682b-6b98-42ab-abdb-eb6d42b83203.jpg,860-pro-2-5-inch-02-8b68e50a-2cef-49ea-8747-64f379bc99bd.jpg', 3, 3, '<ul>\r\n	<li>\r\n		SSD standard: M.2 2280 SATA III\r\n	</li>\r\n	<li>\r\n		Read speed: 550 MB / s\r\n	</li>\r\n	<li>\r\n		Recording speed: 520 MB / s\r\n	</li>\r\n	<li>\r\n		Warranty 5 years 1 exchange 1.\r\n	</li>\r\n</ul>\r\n', '<p><strong>Samsung 64-Layer 3D V-NAND Technology</strong></p>\r\n\r\n<p>Samsung Technology 64-Samsung&#39;s 3D Layer V-NAND is a breakthrough in Flash memory architecture by increasing the density, performance, and limit of endurance of conventional flat NAND architecture.&nbsp;The Samsung 3D V-NAND technology arranges 64 layers of longitudinal Cell cells which increases the Cell density higher and performs twice as well as the 32-Layer technology used on 850 series.</p>\r\n\r\n<p><strong>Optimize speed to the maximum</strong></p>\r\n\r\n<p>Achieve incredible read / write performance, help you complete your daily tasks quickly with&nbsp;Samsung&#39;s&nbsp;<strong>Intelligent TurboWrite</strong>&nbsp;technology&nbsp;.&nbsp;With this new technology, Samsung 860 EVO performance is increased 1.9 times compared to the 840 Evo.&nbsp;Samsung 860 EVO SSD hard drive offers top class read speed (550MB / s) and write (520Mb / s).&nbsp;Also, optimize random performance IOPs up to 98k.</p>\r\n\r\n<p><strong>RAPID Mode</strong></p>\r\n\r\n<p>Samsung&#39;s&nbsp;<strong>Magician</strong>&nbsp;software&nbsp;is equipped with&nbsp;<strong>RAPID Mode</strong>&nbsp;.&nbsp;When activated, it will increase the performance of Samsung 860 Evo SSD many times by using free RAM PC memory as a high-speed cache.&nbsp;The latest version of Samsung Magician supports up to 4 GB of Cache memory on a 16GB DRAM system.</p>\r\n', 1, 512);
INSERT INTO `product` (`id`, `name`, `price`, `quantity`, `photo`, `product_category_id`, `brand_id`, `information`, `description`, `status`, `size`) VALUES
(71, 'SSD Samsung 970 EVO PCIe NVMe V-NAND M.2 2280 250GB MZ-V7E250BW', 99, 35, '970-evo-250-01.jpg', 3, 3, '<ul>\r\n	<li>\r\n		Standard SSD: M.2 NVMe Gen3 x4\r\n	</li>\r\n	<li>\r\n		Read speed: 3400 MB / s\r\n	</li>\r\n	<li>\r\n		Recording speed: 1500 MB / s\r\n	</li>\r\n	<li>\r\n		<strong>Warranty 5 years 1 exchange 1.</strong>\r\n	</li>\r\n</ul>\r\n', '<p><strong>Standard connection of the latest NVMe PCIe Gen3 x4</strong></p>\r\n\r\n<p>With the change from Polaris Controller used for the 960 Evo generation, Samsung 970 EVO PCIe NVMe M.2 2280 V-NAND hard drive equipped with the latest Phoenix Controller for better support for Games processes and arrangement streamlined graphics intensive workflows, accompanied by intelligent TurboWrite technology, for sequential read / write speeds of up to 3,500 MB / s and 2,500 MB / s, up to 32% faster than the previous generation.</p>\r\n\r\n<p><strong>Capacity up to 2TB</strong></p>\r\n\r\n<p>Samsung 970 EVO PCIe NVMe M.2 2280 V-NAND hard drive with the latest NVMe SSD technology will now deliver a tremendous 2TB capacity on the compact M.2 2280 standard design, which helps you maximize your capabilities. Storage capacity and save space in your computer.&nbsp;In addition, Samsung SSD hard drive 970 EVO PCIe NVMe M.2 2280 V-NAND also has capacities ranging from 250GB, 500GB, 1TB and 2TB to meet all your capacity needs.</p>\r\n\r\n<p><strong>Dynamic Thermal Guard - Controller covered with Nickel</strong></p>\r\n\r\n<p>The Dynamic Thermal Guard, a technology that automatically adjusts the temperature of a drive equipped with an SSD Samsung 970 EVO PCIe NVMe M.2 2280 V-NAND, when the drive is so hot that it will automatically drop. performance or shutdown to minimize the risk of data loss.&nbsp;Accompanied by a new cooling solution from Samsung that is nickel-coated controller, which helps controller cool the best possible heat.</p>\r\n', 0, 250),
(72, 'SSD Samsung 970 Pro PCIe NVMe V-NAND M.2 2280 1TB MZ-V7P1T0BW', 199, 45, '970-pro-00-4afb88e2-0e6d-4973-8e28-27ac0bb848f4.jpg', 3, 3, '<ul>\r\n	<li>\r\n		Standard SSD: M.2 NVMe Gen3 x4\r\n	</li>\r\n	<li>\r\n		Read speed: 3500 MB / s\r\n	</li>\r\n	<li>\r\n		Recording speed: 2700 MB / s\r\n	</li>\r\n	<li>\r\n		Warranty: 3 years\r\n	</li>\r\n</ul>\r\n', '<h2>The SSD that goes beyond</h2>\r\n\r\n<p>Experience the best. For intensive workloads on PCs and workstations, the 970 PRO delivers ultimate performance powered by Samsung&#39;s NVMe SSD leadership. The latest V-NAND technology and new Phoenix controller in a compact M.2 (2280) form factor meets the&nbsp; needs of the most demanding tech enthusiasts and professionals.</p>\r\n\r\n<h2>Fearless Performance</h2>\r\n\r\n<p>Performance that puts you in command. The 970 PRO combines the next-gen PCIe Gen 3x4 NVMe interface with the latest V-NAND technology and a newly enhanced Phoenix controller to achieve fearless read/write speeds up to 3,500/2,700 MB/s*, approximately 30 percent faster than the previous generation.</p>\r\n\r\n<p><strong>Dynamic Thermal Guard - Controller covered with Nickel</strong></p>\r\n\r\n<p>The Dynamic Thermal Guard, a technology that automatically adjusts the temperature of a drive equipped with an SSD Samsung 970 EVO PCIe NVMe M.2 2280 V-NAND, when the drive is so hot that it will automatically drop. performance or shutdown to minimize the risk of data loss.&nbsp;Accompanied by a new cooling solution from Samsung that is nickel-coated controller, which helps controller cool the best possible heat.</p>\r\n', 1, 1000),
(73, 'SSD Samsung NVMe PM961 M.2 PCIe Gen3 x4 1TB MZ-VLW1T00', 360, 16, 'pm961-01-9490ef48-d36b-4725-a5ef-ddc7b72ffb28.jpg,pm961-02-ecb24677-1a22-41f6-b01b-8740e6700479.jpg', 3, 3, '<ul>\r\n	<li>\r\n		Standard SSD: M.2 NVMe Gen3 x4\r\n	</li>\r\n	<li>\r\n		Read speed: 3500 MB / s\r\n	</li>\r\n	<li>\r\n		Recording speed: 2700 MB / s\r\n	</li>\r\n	<li>\r\n		Warranty: 3 years\r\n	</li>\r\n</ul>\r\n', '<h2>Unparalleled Reliability</h2>\r\n\r\n<p>Achieve a new level of drive confidence. Samsung&rsquo;s advanced nickel-coated controller and heat spreader on the 970 PRO enable superior heat dissipation. The Dynamic Thermal Guard automatically monitors and maintains optimal operating temperatures to minimize performance drops.</p>\r\n\r\n<h2>Exceptional Endurance</h2>\r\n\r\n<p>Get the ultimate sustainable performance. The 970 PRO delivers up to 1,200 TBW* with a 5-year limited warranty, achieving 50 percent greater endurance than the previous generation, all powered by the latest V-NAND technology.</p>\r\n\r\n<p>* TBW: Terabytes Written<br />\r\n<br />\r\n* Warrantied TBW for 970 PRO: 600 TBW for 512GB model, 1,200 TBW for 1TB model.<br />\r\n<br />\r\n* 5-years or TBW, whichever comes first. For more information on the warranty, please find the enclosed warranty statement in the package.</p>\r\n', 1, 1000),
(74, 'SSD Western Digital Black PCIe Gen3 x4 NVMe M.2 500GB WDS500G2X0C 2018', 180, 39, 'wdblack-pcie-2018-01-4ed1b61b-ee88-4163-8fae-f963db30ef60.jpg', 3, 1, '<ul>\r\n	<li>\r\n		Standard SSD: M.2 NVMe Gen3 x4\r\n	</li>\r\n	<li>\r\n		Read speed: 3400 MB / s\r\n	</li>\r\n	<li>\r\n		Recording speed: 2500 MB / s\r\n	</li>\r\n	<li>\r\n		Genuine warranty January 60 exchange 1\r\n	</li>\r\n</ul>\r\n', '<p><a href=\"https://www.memoryzone.com.vn/ssd-western-digital-black-pcie-gen3-x4-nvme-m-2-500gb-wds500g2x0c-2018\"><strong>Black PCIe Gen3 x4 NVMe M.2 2018 SSD hard drive</strong></a></p>\r\n\r\n<p><strong>Compact - reliable - high performance</strong></p>\r\n\r\n<p>With continuous read and write speeds of up to 3400 MB / s and 2800MB / s, Black PCIe Western Digital SSD Gen3 x4 NVMe M.2 2018 is equipped with the latest technologies and platforms with 3D technology - NAND 64 Layer will maximize performance to help your PC meet the needs of the most demanding hardware, VR applications and software.</p>\r\n\r\n<ul>\r\n	<li>Sequential read speeds of up to 3400 MB / s.</li>\r\n	<li>Thermal and energy management and optimization to help maintain the highest performance.</li>\r\n	<li>1.75M MTTF for long-term reliability.</li>\r\n	<li>Warranty up to 5 years.</li>\r\n</ul>\r\n\r\n<p><strong>Extremely high speed</strong></p>\r\n\r\n<p>With sequential read speeds of up to 3400 MB / s, seven times faster than SATA III SSDs, Black PCIe Western Digital SSD hard drives Gen3 x4 NVMe M.2 2018 handle even the required computing tasks The most heavy resource.&nbsp;Launch your system quickly, load super fast games and easily multitask with Black Digital Black PCIe Gen3 x4 NVMe M.2 2018 SSDs.</p>\r\n', 1, 500),
(75, 'SSD Western Digital Blue 3D-NAND M.2 2280 SATA III 250GB WDS250G2B0B', 100, 31, 'wdblue-3d-nand-m2-2280-01.jpg,wdblue-3d-nand-m2-2280-250.jpg', 3, 1, '<ul>\r\n	<li>\r\n		SSD standard: M.2 2280 SATA III\r\n	</li>\r\n	<li>\r\n		Read speed: 550 MB / s\r\n	</li>\r\n	<li>\r\n		Recording speed: 525 MB / s\r\n	</li>\r\n	<li>\r\n		Genuine warranty 5 years 1 exchange 1\r\n	</li>\r\n</ul>\r\n', '<p><a href=\"https://memoryzone.com.vn/ssd-western-digital-blue-3d-nand-m-2-2280-sata-iii-250gb-wds250g2b0b/\"><strong>Western Digital Blue 3D-NAND M.2 SSD hard drive 2280 SATA III</strong></a></p>\r\n\r\n<p>SSD Western Digital Blue 3D-NAND SATA III is the best solution to optimize computer performance, providing extremely high performance and reliability when equipped with all the most advanced technologies available today. .&nbsp;The product is tested, tested and has passed all tests in the WD FIT Lab, giving you the best PC upgrade solution.</p>\r\n\r\n<p><strong>WesternDigital - The world&#39;s leading brand</strong></p>\r\n\r\n<p>With operating life (MTTF) of up to 1,750,000 hours and durability up to 500 Terabyte Written (TBW) for the 2TB version, Western Digital Blue Sata III SSDs provide the best quality durability.&nbsp;Along with self-correction technologies (ECC), Western Digital Blue Sata III SSDs will protect your data with extremely long-term reliability.</p>\r\n\r\n<p><strong>Super high performance - Multitasking optimization</strong></p>\r\n\r\n<p>Western Digital Blue 3D-NAND SSD hard drives SATA III has read speeds up to 550B / s and write speeds of up to 525MB / s make applications faster, lower response times and increased transfer speeds data.&nbsp;Western Digital Blue 3D-NAND SATA III SSDs can run multiple applications simultaneously at the same time with ease.&nbsp;Edit 4K videos, check your Email and scan for viruses in stealth mode, ... everything can run at the same time without slowing down your system.&nbsp;With Western Digital Blue 3D-NAND SATA III SSD, you will get a great experience on your computer system and save a lot of time.</p>\r\n', 1, 250),
(76, 'SSD Western Digital Green M.2 2280 Sata III 240GB WDS240G2G0B', 40, 38, 'wdgreen-240-01.jpg', 3, 1, '<ul>\r\n	<li>\r\n		SSD standard: M.2 2280 SATA III\r\n	</li>\r\n	<li>\r\n		Read speed: 540 MB / s\r\n	</li>\r\n	<li>\r\n		Recording speed: 450 MB / s\r\n	</li>\r\n	<li>\r\n		Genuine warranty 3 years 1 exchange 1.\r\n	</li>\r\n</ul>\r\n', '<p><strong><a href=\"https://www.memoryzone.com.vn/ssd-western-digital-green-m-2-2280-sata-iii-240gb\">Western Digital Green Sata III SSD hard drive</a></strong></p>\r\n\r\n<p>Western Digital Green Sata III SSD is the best solution to optimize computer performance, providing extremely high performance and reliability when equipped with all the most advanced technologies available today.&nbsp;The product is tested, tested and has passed all tests in the WD FIT Lab, giving you the best PC upgrade solution.</p>\r\n\r\n<p><strong>Multi-tasking optimization</strong></p>\r\n\r\n<p>Western Digital Green Sata III SSD can easily run multiple applications simultaneously.&nbsp;Edit 4K videos, check your Email and scan for viruses in stealth mode, ... everything can run at the same time without slowing down your system.</p>\r\n\r\n<table border=\"1\" cellspacing=\"0\" style=\"width:793px\">\r\n	<tbody>\r\n		<tr>\r\n			<td style=\"background-color:#ffffff; border-color:#e1e1e1; text-align:left\">\r\n			<p><strong>Compatible with all computers</strong></p>\r\n\r\n			<p>Western Digital Green Sata III SSDs have a standard size of 2.5 inches and are available in M.2 2280 version, meeting all the needs of your laptop desktop systems.</p>\r\n			</td>\r\n		</tr>\r\n	</tbody>\r\n</table>\r\n\r\n<p>&nbsp;</p>\r\n', 1, 240),
(77, 'MicroSDHC Kingston Canvas Select 16GB Class 10 U1 80MBs SDCS16GB', 8, 12, 'micro-kingston-canvas-select-16gb-01.jpg,micro-kingston-canvas-select-16gb-02.jpg,micro-kingston-canvas-select-16gb-03.jpg', 1, 5, '<ul>\r\n	<li>\r\n		Product type: microSD\r\n	</li>\r\n	<li>\r\n		Capacity: 16 GB\r\n	</li>\r\n	<li>\r\n		Read speed: 80 MB / s\r\n	</li>\r\n	<li>\r\n		Recording Speed: 10 MB / s\r\n	</li>\r\n	<li>\r\n		Warranty: 5 years\r\n	</li>\r\n</ul>\r\n', '<p><strong>MicroSD Kingston Canvas Select memory card - Small size with tremendous performance</strong></p>\r\n\r\n<p><a href=\"https://www.memoryzone.com.vn/the-nho-microsdhc-kingston-canvas-select-16gb-class-10-u1-80mb-s-sdcs-16gb\">Kingston MicroSD Canvas Select Memory Card Class 10 UHS-I</a>&nbsp;with&nbsp;<a href=\"https://www.memoryzone.com.vn/the-nho-microsdhc-kingston-canvas-select-16gb-class-10-u1-80mb-s-sdcs-16gb\">UHS-I</a>&nbsp;Class 10 speed standards of 80MB / s read and 10MB / s write, suitable for photographers and users who need FullHD video and still images High Quality.&nbsp;Kingston MicroSD Canvas Select Class 10 UHS-I memory card is the standard extended storage option for all tablets, smartphones and journey camcorders.&nbsp;It can also be used in conjunction with the SD Adapter adapter for SDHC / SDXC standard size storage devices.&nbsp;Designed to withstand harsh environments, this versatile Kingston MicroSD Canvas Select Class 10 UHS-I is tested and proven to be waterproof, high temperature, vibration-proof and X-ray resistant.&nbsp;With capacities from 16 GB to 256 GB that meets all your needs and provides space for all your data.</p>\r\n\r\n<p><strong>UHS-I communication standard</strong></p>\r\n\r\n<p>Kingston MicroSD Canvas Select Class 10 UHS-I memory cards are ideal for HD-quality images and videos (1080p).</p>\r\n\r\n<p><strong>Extremely durable</strong></p>\r\n\r\n<p>Kingston MicroSD Canvas Select Class 10 memory card UHS-I has been tested and proven to be waterproof, high temperature resistant, shock / vibration and X-ray resistant.&nbsp;So, you can rest assured that images, videos and other important files will be extremely secure.</p>\r\n', 1, 16),
(78, 'MicroSDHC Kingston Canvas Select 32GB Class 10 U1 80MBs SDCS32GB', 16, 32, 'micro-kingston-canvas-select-32gb-01.jpg,micro-kingston-canvas-select-32gb-02.jpg,micro-kingston-canvas-select-32gb-03.jpg', 1, 5, '<ul>\r\n	<li>\r\n		Product type: microSD\r\n	</li>\r\n	<li>\r\n		Capacity: 16 GB\r\n	</li>\r\n	<li>\r\n		Read speed: 80 MB / s\r\n	</li>\r\n	<li>\r\n		Recording Speed: 10 MB / s\r\n	</li>\r\n	<li>\r\n		Warranty: 5 years\r\n	</li>\r\n</ul>\r\n', '<p><strong>MicroSD Kingston Canvas Select memory card - Small size with tremendous performance</strong></p>\r\n\r\n<p><a href=\"https://www.memoryzone.com.vn/the-nho-microsdhc-kingston-canvas-select-16gb-class-10-u1-80mb-s-sdcs-16gb\">Kingston MicroSD Canvas Select Memory Card Class 10 UHS-I</a>&nbsp;with&nbsp;<a href=\"https://www.memoryzone.com.vn/the-nho-microsdhc-kingston-canvas-select-16gb-class-10-u1-80mb-s-sdcs-16gb\">UHS-I</a>&nbsp;Class 10 speed standards of 80MB / s read and 10MB / s write, suitable for photographers and users who need FullHD video and still images High Quality.&nbsp;Kingston MicroSD Canvas Select Class 10 UHS-I memory card is the standard extended storage option for all tablets, smartphones and journey camcorders.&nbsp;It can also be used in conjunction with the SD Adapter adapter for SDHC / SDXC standard size storage devices.&nbsp;Designed to withstand harsh environments, this versatile Kingston MicroSD Canvas Select Class 10 UHS-I is tested and proven to be waterproof, high temperature, vibration-proof and X-ray resistant.&nbsp;With capacities from 16 GB to 256 GB that meets all your needs and provides space for all your data.</p>\r\n\r\n<p><strong>UHS-I communication standard</strong></p>\r\n\r\n<p>Kingston MicroSD Canvas Select Class 10 UHS-I memory cards are ideal for HD-quality images and videos (1080p).</p>\r\n\r\n<p><strong>Many capacity packs for you to choose from</strong></p>\r\n\r\n<p>To meet your specific needs, Kingston MicroSD Canvas Select Class 10 memory cards UHS-I have capacities ranging from 16GB to 256GB.</p>\r\n', 1, 32),
(79, 'MicroSDHC Samsung EVO Plus U1 32GB', 14, 50, 'evoplus2017-32-01.jpg,evoplus2017-32-03.jpg,evoplus2017-32-04.jpg', 1, 3, '<ul>\r\n	<li>\r\n		Product type: microSD\r\n	</li>\r\n	<li>\r\n		Capacity: 32 GB\r\n	</li>\r\n	<li>\r\n		Read speed: 95 MB / s\r\n	</li>\r\n	<li>\r\n		Recording Speed: 20 MB / s\r\n	</li>\r\n	<li>\r\n		Warranty: 5 years\r\n	</li>\r\n</ul>\r\n', '<p><a href=\"https://www.memoryzone.com.vn/the-nho-microsdhc-samsung-evo-plus-u1-32gb-new-2017\"><strong>Samsung Evo Plus U1 New MicroSD memory card 2017</strong></a></p>\r\n\r\n<p>Samsung Evo Plus U1 New MicroSD memory card 2017 - The world&#39;s fastest memory that Samsung has just released helps meet the demands of speed, storage space and maximizes the performance of SmartPhone and Tablet series. Latest.&nbsp;Give you the best experience.&nbsp;The Samsung Evo Plus U1 New 2017 MicroSD memory card has up to 95MB / s UHS-1 U1 access speed for transferring music, images and recording 4K, Full HD videos.&nbsp;The card also has a waterproof function, withstands high temperature difference, is not affected by magnetism and X-rays, so your data will always be protected in all circumstances.</p>\r\n\r\n<p>***** The included MicroSD to SD Adapter may be subject to change without notice from the manufacturer.</p>\r\n\r\n<p><strong>Extremely high speed to meet high quality Full HD Video</strong></p>\r\n\r\n<p>Samsung Evo Plus U1 New MicroSD memory card with super high speed of up to 95MB / s read and 20MB / s recording helps you take action, super smooth sports shots, ideal for Full HD Video recording.&nbsp;Allows you to move files extremely fast and ensure that your Video will not lose any frames.</p>\r\n\r\n<p><strong>Extremely large capacity</strong></p>\r\n\r\n<p>Samsung Evo Plus U1 New MicroSD memory card with capacity from 32GB to 256GB, Meet all your storage needs.</p>\r\n', 1, 32),
(80, 'MicroSDHC SanDisk Extreme Pro V30 A1 667x 32GB 100MBs', 15, 50, 'micro-sandisk-extreme-pro-a1-32-01.jpg,micro-sandisk-extreme-pro-a1-32-02.jpg,micro-sandisk-extreme-pro-a1-32-04.jpg', 1, 2, '<ul>\r\n	<li>\r\n		Product type: microSD\r\n	</li>\r\n	<li>\r\n		Capacity: 32 GB\r\n	</li>\r\n	<li>\r\n		Read speed: 100 MB / s\r\n	</li>\r\n	<li>\r\n		Recording Speed: 90 MB / s\r\n	</li>\r\n	<li>\r\n		Warranty: 5 years\r\n	</li>\r\n</ul>\r\n', '<p><a href=\"https://memoryzone.com.vn/the-nho-microsdhc-sandisk-extreme-pro-v30-a1-667x-32gb-100mbs/\"><strong>MicroSDHC SanDisk Extreme Pro V30 A1 667x memory card</strong></a></p>\r\n\r\n<p>MicroSDHC SanDisk Extreme Pro V30 A1 667x memory card with ultra-fast recording speed allows taking Full HD videos, photos and videos for Android smartphones, MIL cameras, or GoPro Hero3, Hero3 +, Hero4, and Hero + .&nbsp;The specially designed MicroSDHC SanDisk Extreme Pro V30 A1 667x memory card can survive even in the harshest environmental conditions.&nbsp;Fast speed allows you to capture every detail and help to move data very fast.&nbsp;With capacities up to 128GB, expand your phone memory and support high quality 4K movie shooting.&nbsp;All SanDisk products are manufactured to the highest standards and have been rigorously tested, so you can be confident in the outstanding quality, performance and reliability of each SanDisk product.</p>\r\n\r\n<p><strong>Designed with the latest devices</strong></p>\r\n\r\n<p>MicroSDHC SanDisk Extreme Pro V30 A1 667x memory card is designed for the latest Android smartphones, tablets, MIL cameras, or GoPro Hero, Hero3, Hero3 +, Hero4, and Hero + LCD.&nbsp;MicroSDHC SanDisk Extreme Pro V30 A1 667x memory card allows you to shoot more and move faster.</p>\r\n\r\n<p><strong>Super fast shooting with the highest image quality</strong></p>\r\n\r\n<p>MicroSDHC SanDisk Extreme Pro V30 A1 667x memory card has a fast reading speed of up to 100MB / s, saving you time when moving high-resolution image files and 4K videos.&nbsp;Recording speeds of up to 60MB / s allow you to take advantage of the advanced functions of your phone, meeting the speed needed to take fast-moving photos or shooting in continuous mode.</p>\r\n', 1, 32),
(81, 'MicroSDHC SanDisk Extreme V30 A1 667x 32GB 100MBs', 18, 10, 'micro-sandisk-extreme-a1-32gb-01.jpg,micro-sandisk-extreme-a1-32gb-02.jpg,micro-sandisk-extreme-a1-32gb-03.jpg', 1, 2, '<ul>\r\n	<li>\r\n		Product type: microSD\r\n	</li>\r\n	<li>\r\n		Capacity: 32 GB\r\n	</li>\r\n	<li>\r\n		Read speed: 100 MB / s\r\n	</li>\r\n	<li>\r\n		Recording Speed: 90 MB / s\r\n	</li>\r\n	<li>\r\n		Warranty: 5 years\r\n	</li>\r\n</ul>\r\n', '<p><a href=\"https://memoryzone.com.vn/the-nho-microsdhc-sandisk-extreme-pro-v30-a1-667x-32gb-100mbs/\"><strong>MicroSDHC SanDisk Extreme Pro V30 A1 667x memory card</strong></a></p>\r\n\r\n<p>MicroSDHC SanDisk Extreme Pro V30 A1 667x memory card with ultra-fast recording speed allows taking Full HD videos, photos and videos for Android smartphones, MIL cameras, or GoPro Hero3, Hero3 +, Hero4, and Hero + .&nbsp;The specially designed MicroSDHC SanDisk Extreme Pro V30 A1 667x memory card can survive even in the harshest environmental conditions.&nbsp;Fast speed allows you to capture every detail and help to move data very fast.&nbsp;With capacities up to 128GB, expand your phone memory and support high quality 4K movie shooting.&nbsp;All SanDisk products are manufactured to the highest standards and have been rigorously tested, so you can be confident in the outstanding quality, performance and reliability of each SanDisk product.</p>\r\n\r\n<p><strong>Designed with the latest devices</strong></p>\r\n\r\n<p>MicroSDHC SanDisk Extreme Pro V30 A1 667x memory card is designed for the latest Android smartphones, tablets, MIL cameras, or GoPro Hero, Hero3, Hero3 +, Hero4, and Hero + LCD.&nbsp;MicroSDHC SanDisk Extreme Pro V30 A1 667x memory card allows you to shoot more and move faster.</p>\r\n\r\n<p><strong>Super fast shooting with the highest image quality</strong></p>\r\n\r\n<p>MicroSDHC SanDisk Extreme Pro V30 A1 667x memory card has a fast reading speed of up to 100MB / s, saving you time when moving high-resolution image files and 4K videos.&nbsp;Recording speeds of up to 60MB / s allow you to take advantage of the advanced functions of your phone, meeting the speed needed to take fast-moving photos or shooting in continuous mode.</p>\r\n', 1, 32),
(82, 'MicroSDHC SanDisk Ultra 16GB 80MBs 533x', 7, 20, 'micro-sandisk-ultra-533x-16gb-01.jpg,micro-sandisk-ultra-533x-16gb-02.jpg,micro-sandisk-ultra-533x-16gb-04.jpg', 1, 2, '<ul>\r\n	<li>\r\n		Product type: microSD\r\n	</li>\r\n	<li>\r\n		Capacity: 16 GB\r\n	</li>\r\n	<li>\r\n		Read speed: 100 MB / s\r\n	</li>\r\n	<li>\r\n		Recording Speed: 90 MB / s\r\n	</li>\r\n	<li>\r\n		Warranty: 5 years\r\n	</li>\r\n</ul>\r\n', '<p><a href=\"https://memoryzone.com.vn/the-nho-microsdhc-sandisk-extreme-pro-v30-a1-667x-32gb-100mbs/\"><strong>MicroSDHC SanDisk Extreme Pro V30 A1 667x memory card</strong></a></p>\r\n\r\n<p>MicroSDHC SanDisk Extreme Pro V30 A1 667x memory card with ultra-fast recording speed allows taking Full HD videos, photos and videos for Android smartphones, MIL cameras, or GoPro Hero3, Hero3 +, Hero4, and Hero + .&nbsp;The specially designed MicroSDHC SanDisk Extreme Pro V30 A1 667x memory card can survive even in the harshest environmental conditions.&nbsp;Fast speed allows you to capture every detail and help to move data very fast.&nbsp;With capacities up to 128GB, expand your phone memory and support high quality 4K movie shooting.&nbsp;All SanDisk products are manufactured to the highest standards and have been rigorously tested, so you can be confident in the outstanding quality, performance and reliability of each SanDisk product.</p>\r\n\r\n<p><strong>Designed with the latest devices</strong></p>\r\n\r\n<p>MicroSDHC SanDisk Extreme Pro V30 A1 667x memory card is designed for the latest Android smartphones, tablets, MIL cameras, or GoPro Hero, Hero3, Hero3 +, Hero4, and Hero + LCD.&nbsp;MicroSDHC SanDisk Extreme Pro V30 A1 667x memory card allows you to shoot more and move faster.</p>\r\n\r\n<p><strong>Super fast shooting with the highest image quality</strong></p>\r\n\r\n<p>MicroSDHC SanDisk Extreme Pro V30 A1 667x memory card has a fast reading speed of up to 100MB / s, saving you time when moving high-resolution image files and 4K videos.&nbsp;Recording speeds of up to 60MB / s allow you to take advantage of the advanced functions of your phone, meeting the speed needed to take fast-moving photos or shooting in continuous mode.</p>\r\n', 1, 16),
(83, 'MicroSDHC SanDisk Ultra 32GB 80MBs 533x', 14, 32, 'micro-sandisk-ultra-533x-32gb-01.jpg,micro-sandisk-ultra-533x-32gb-02.jpg,micro-sandisk-ultra-533x-32gb-03.jpg', 1, 2, '<ul>\r\n	<li>\r\n		Product type: microSD\r\n	</li>\r\n	<li>\r\n		Capacity: 32 GB\r\n	</li>\r\n	<li>\r\n		Read speed: 80 MB / s\r\n	</li>\r\n	<li>\r\n		Recording Speed: 15 MB / s\r\n	</li>\r\n	<li>\r\n		Warranty: 5 years\r\n	</li>\r\n</ul>\r\n', '<p>&nbsp;</p>\r\n\r\n<p><strong><a href=\"https://memoryzone.com.vn/the-nho-microsdhc-sandisk-ultra-32gb-80mbs-533x-2017/\">80MB / s 2017 MicroSD Sandisk Ultra memory card</a></strong></p>\r\n\r\n<p><strong>Expand your storage</strong>&nbsp;space MicroSD Sandisk Ultra memory card with up to 64GB capacity, so you&#39;ll have plenty of space to store your photos and videos.&nbsp;And you also won&#39;t need to worry about deleting any data when the storage space issue is no longer important.</p>\r\n\r\n<p><strong>Add more space, save time</strong></p>\r\n\r\n<p>With lightning speed of up to 80 MB / s, MicroSD Sandisk Ultra memory card can quickly move all your photos and videos from your phone or&nbsp;tablet to your computer.</p>\r\n\r\n<p><strong>Delivers extremely high quality images and videos</strong></p>\r\n\r\n<p>High-speed MicroSD Sandisk Ultra memory card, allowing you to take high-quality photos and record Full HD videos smoothly.</p>\r\n\r\n<p><strong>SanDisk Memory Zone App</strong></p>\r\n\r\n<p>With the SanDisk Memory Zone App, you can quickly back up your data files to the memory card and free up the phone&#39;s internal memory.</p>\r\n\r\n<p>Simple, very intuitive interface makes it easy to manage your files and stay safe with password protection.</p>\r\n', 1, 32),
(84, 'MicroSDHC SanDisk Ultra A1 16GB 98MBs', 8, 17, 'micro-ultra-a1-16-01.jpg,micro-ultra-a1-16-02.jpg', 1, 2, '<ul>\r\n	<li>\r\n		Product type: microSD\r\n	</li>\r\n	<li>\r\n		Capacity: 16GB\r\n	</li>\r\n	<li>\r\n		Read speed: 98 MB / s\r\n	</li>\r\n	<li>\r\n		Recording Speed: 10 ~ 15 MB / s\r\n	</li>\r\n	<li>\r\n		Warranty: 5 years\r\n	</li>\r\n</ul>\r\n', '<p><a href=\"https://memoryzone.com.vn/the-nho-microsdhc-sandisk-extreme-pro-v30-a1-667x-32gb-100mbs/\"><strong>MicroSDHC SanDisk Extreme Pro V30 A1 667x memory card</strong></a></p>\r\n\r\n<p>MicroSDHC SanDisk Extreme Pro V30 A1 667x memory card with ultra-fast recording speed allows taking Full HD videos, photos and videos for Android smartphones, MIL cameras, or GoPro Hero3, Hero3 +, Hero4, and Hero + .&nbsp;The specially designed MicroSDHC SanDisk Extreme Pro V30 A1 667x memory card can survive even in the harshest environmental conditions.&nbsp;Fast speed allows you to capture every detail and help to move data very fast.&nbsp;With capacities up to 128GB, expand your phone memory and support high quality 4K movie shooting.&nbsp;All SanDisk products are manufactured to the highest standards and have been rigorously tested, so you can be confident in the outstanding quality, performance and reliability of each SanDisk product.</p>\r\n\r\n<p><strong>Designed with the latest devices</strong></p>\r\n\r\n<p>MicroSDHC SanDisk Extreme Pro V30 A1 667x memory card is designed for the latest Android smartphones, tablets, MIL cameras, or GoPro Hero, Hero3, Hero3 +, Hero4, and Hero + LCD.&nbsp;MicroSDHC SanDisk Extreme Pro V30 A1 667x memory card allows you to shoot more and move faster.</p>\r\n', 1, 16),
(85, 'MicroSDHC SanDisk Ultra A1 32GB 98MBs', 15, 28, 'micro-ultra-a1-32-01.jpg,micro-ultra-a1-32-02.jpg', 1, 2, '<ul>\r\n	<li>\r\n		Product type: microSD\r\n	</li>\r\n	<li>\r\n		Capacity: 32 GB\r\n	</li>\r\n	<li>\r\n		Read speed: 98 MB / s\r\n	</li>\r\n	<li>\r\n		Recording Speed: 10 ~ 15 MB / s\r\n	</li>\r\n	<li>\r\n		Warranty: 5 years\r\n	</li>\r\n</ul>\r\n', '<p><a href=\"https://memoryzone.com.vn/the-nho-microsdhc-sandisk-extreme-pro-v30-a1-667x-32gb-100mbs/\"><strong>MicroSDHC SanDisk Extreme Pro V30 A1 667x memory card</strong></a></p>\r\n\r\n<p>MicroSDHC SanDisk Extreme Pro V30 A1 667x memory card with ultra-fast recording speed allows taking Full HD videos, photos and videos for Android smartphones, MIL cameras, or GoPro Hero3, Hero3 +, Hero4, and Hero + .&nbsp;The specially designed MicroSDHC SanDisk Extreme Pro V30 A1 667x memory card can survive even in the harshest environmental conditions.&nbsp;Fast speed allows you to capture every detail and help to move data very fast.&nbsp;With capacities up to 128GB, expand your phone memory and support high quality 4K movie shooting.&nbsp;All SanDisk products are manufactured to the highest standards and have been rigorously tested, so you can be confident in the outstanding quality, performance and reliability of each SanDisk product.</p>\r\n\r\n<p><strong>Designed with the latest devices</strong></p>\r\n\r\n<p>MicroSDHC SanDisk Extreme Pro V30 A1 667x memory card is designed for the latest Android smartphones, tablets, MIL cameras, or GoPro Hero, Hero3, Hero3 +, Hero4, and Hero + LCD.&nbsp;MicroSDHC SanDisk Extreme Pro V30 A1 667x memory card allows you to shoot more and move faster.</p>\r\n\r\n<p>&nbsp;</p>\r\n', 1, 32),
(86, 'MicroSDXC Kingston 64GB U3 90MB', 22, 30, 'microsdkingstonu390mb80mb02.jpg,siyo-42f8d79a-f2c1-41b6-963b-88e8fa0865fc.jpg', 1, 5, '<ul>\r\n	<li>\r\n		Product type: microSD\r\n	</li>\r\n	<li>\r\n		Capacity: 16 GB\r\n	</li>\r\n	<li>\r\n		Read speed: 98 MB / s\r\n	</li>\r\n	<li>\r\n		Recording Speed: 10 ~ 15 MB / s\r\n	</li>\r\n	<li>\r\n		Warranty: 5 years\r\n	</li>\r\n</ul>\r\n', '<p><strong><a href=\"https://memoryzone.com.vn/the-nho-microsdhc-sandisk-ultra-a1-16gb-98mbs/\">MicroSD SanDisk Ultra A1 memory card</a></strong></p>\r\n\r\n<p>MicroSD SanDisk Ultra A1 memory card allows you to store, transmit high-resolution images and Full HD videos on your Android smartphone or tablet.&nbsp;With capacities up to 400GB, MicroSD SanDisk Ultra A1 memory card can store a lot of high-resolution photo albums and Full HD video recording.&nbsp;With standard Class 10 speeds for Full HD video recording and read speeds up to 100MB / s for ultra fast file transfer.&nbsp;MicroSD SanDisk Ultra A1 memory card is waterproof, waterproof, heat-resistant, shock-proof, x-ray resistant, and magnetic resistant.&nbsp;All SanDisk products are manufactured to the highest standards and rigorously tested, so you can be assured of the outstanding quality, performance and reliability of each SanDisk product.</p>\r\n\r\n<p><strong>Extremely fast speeds of up to 100MB / s</strong></p>\r\n\r\n<p>With read speeds of up to 100MB / s, MicroSD SanDisk Ultra A1 memory card allows you to transfer high-resolution images and Full HD videos to your computer without having to wait long.</p>\r\n', 1, 64),
(87, 'MicroSDXC Kingston Canvas Select 64GB Class 10 U1 80MBs SDCS64GB', 23, 15, 'micro-kingston-canvas-select-64gb-01.jpg,micro-kingston-canvas-select-64gb-02.jpg,micro-kingston-canvas-select-64gb-03.jpg', 1, 5, '<ul>\r\n	<li>\r\n		Product type: microSD\r\n	</li>\r\n	<li>\r\n		Capacity: 64 GB\r\n	</li>\r\n	<li>\r\n		Read speed: 80 MB / s\r\n	</li>\r\n	<li>\r\n		Recording Speed: 10 MB / s\r\n	</li>\r\n	<li>\r\n		Warranty: 5 years\r\n	</li>\r\n</ul>\r\n', '<p><strong>MicroSD Kingston Canvas Select memory card - Small size with tremendous performance</strong></p>\r\n\r\n<p><a href=\"https://www.memoryzone.com.vn/the-nho-microsdxc-kingston-canvas-select-64gb-class-10-u1-80mb-s-sdcs-64gb\">Kingston MicroSD Canvas Select Memory Card Class 10 UHS-I</a>&nbsp;with&nbsp;<a href=\"https://www.memoryzone.com.vn/the-nho-microsdxc-kingston-canvas-select-64gb-class-10-u1-80mb-s-sdcs-64gb\">UHS-I</a>&nbsp;Class 10 speed standards of 80MB / s read and 10MB / s write, suitable for photographers and users who need FullHD video and still images High Quality.&nbsp;Kingston MicroSD Canvas Select Class 10 UHS-I memory card is the standard extended storage option for all tablets, smartphones and journey camcorders.&nbsp;It can also be used in conjunction with the SD Adapter adapter for SDHC / SDXC standard size storage devices.&nbsp;Designed to withstand harsh environments, this versatile Kingston MicroSD Canvas Select Class 10 UHS-I is tested and proven to be waterproof, high temperature, vibration-proof and X-ray resistant.&nbsp;With capacities from 16 GB to 256 GB that meets all your needs and provides space for all your data.</p>\r\n\r\n<p><strong>UHS-I communication standard</strong></p>\r\n\r\n<p>Kingston MicroSD Canvas Select Class 10 UHS-I memory cards are ideal for HD-quality images and videos (1080p).</p>\r\n', 0, 64),
(88, 'MicroSDXC Samsung EVO Plus U3 64GB 100MBs', 25, 25, 'evoplus2017-64-02.jpg,evoplus2017-64-03.jpg,evoplus2017-64-04.jpg', 1, 3, '<ul>\r\n	<li>\r\n		Product type: microSD\r\n	</li>\r\n	<li>\r\n		Capacity: 64&nbsp;GB\r\n	</li>\r\n	<li>\r\n		Read speed: 100 MB / s\r\n	</li>\r\n	<li>\r\n		Recording Speed: 90 MB / s\r\n	</li>\r\n	<li>\r\n		Warranty: 5 years\r\n	</li>\r\n</ul>\r\n', '<p><a href=\"https://www.memoryzone.com.vn/the-nho-microsdxc-samsung-evo-plus-u3-128gb-new-2017\"><strong>Samsung Evo Plus U3 MicroSD memory card New 2017</strong></a></p>\r\n\r\n<p>Samsung Evo Plus U3 New MicroSD memory card 2017 - The world&#39;s fastest memory that Samsung has just released helps meet the demands of speed, storage space and maximizes the performance of SmartPhone and Tablet series. Latest.&nbsp;Give you the best experience.&nbsp;The Samsung Evo Plus U3 New 2017 MicroSD memory card has a speed of up to 100MB / s UHS-1 U3 standard for transferring music, images and recording 4K, Full HD videos.&nbsp;The card also has a waterproof function, withstands high temperature difference, is not affected by magnetism and X-rays, so your data will always be protected in all circumstances.</p>\r\n\r\n<p>***** The included MicroSD to SD Adapter may be subject to change without notice from the manufacturer.</p>\r\n\r\n<p><strong>Extremely large capacity</strong></p>\r\n\r\n<p>Samsung Evo Plus U3 New MicroSD memory card with capacity from 32GB to 256GB, Meet all your storage needs.</p>\r\n\r\n<p><strong>Water proof</strong></p>\r\n\r\n<p>The Samsung Evo Plus U3 New 2017 MicroSD memory card can withstand 72 hours of immersion in seawater.</p>\r\n', 1, 64),
(89, 'MicroSDXC Samsung EVO Plus U3 128GB 100MBs', 30, 35, 'evoplus2017-128-01.jpg,evoplus2017-128-03.jpg,evoplus2017-128-04.jpg', 1, 3, '<ul>\r\n	<li>\r\n		Product type: microSD\r\n	</li>\r\n	<li>\r\n		Capacity: 128 GB\r\n	</li>\r\n	<li>\r\n		Read speed: 100 MB / s\r\n	</li>\r\n	<li>\r\n		Recording Speed: 90 MB / s\r\n	</li>\r\n	<li>\r\n		Warranty: 5 years\r\n	</li>\r\n</ul>\r\n', '<p><a href=\"https://www.memoryzone.com.vn/the-nho-microsdxc-samsung-evo-plus-u3-128gb-new-2017\"><strong>Samsung Evo Plus U3 MicroSD memory card New 2017</strong></a></p>\r\n\r\n<p>Samsung Evo Plus U3 New MicroSD memory card 2017 - The world&#39;s fastest memory that Samsung has just released helps meet the demands of speed, storage space and maximizes the performance of SmartPhone and Tablet series. Latest.&nbsp;Give you the best experience.&nbsp;The Samsung Evo Plus U3 New 2017 MicroSD memory card has a speed of up to 100MB / s UHS-1 U3 standard for transferring music, images and recording 4K, Full HD videos.&nbsp;The card also has a waterproof function, withstands high temperature difference, is not affected by magnetism and X-rays, so your data will always be protected in all circumstances.</p>\r\n\r\n<p>***** The included MicroSD to SD Adapter may be subject to change without notice from the manufacturer.</p>\r\n\r\n<p><strong>Extremely high speed meets 4K quality</strong></p>\r\n\r\n<p>Samsung Evo Plus U3 New 2017 MicroSD memory card with super high speed up to 100MB / s read and 90MB / s recording helps you shoot 4K movies, action shots, super smooth sports, ideal for shooting 4K and Full HD videos .&nbsp;Allows you to move files extremely fast and ensure that your Video will not lose any frames.</p>\r\n', 1, 128),
(90, 'MicroSDXC SanDisk Extreme Pro V30 A2 64GB 170MBs', 40, 39, 'micro-sandisk-extreme-pro-a2-64-01.jpg,micro-sandisk-extreme-pro-a2-64-02.jpg,micro-sandisk-extreme-pro-a2-64-03.jpg', 1, 2, '<ul>\r\n	<li>\r\n		Product type: microSD\r\n	</li>\r\n	<li>\r\n		Capacity: 64 GB\r\n	</li>\r\n	<li>\r\n		Reading speed: 170 MB / s\r\n	</li>\r\n	<li>\r\n		Recording Speed: 90 MB / s\r\n	</li>\r\n	<li>\r\n		Warranty: 5 years\r\n	</li>\r\n</ul>\r\n', '<p><a href=\"https://www.memoryzone.com.vn/the-nho-microsdxc-sandisk-extreme-pro-v30-a2-64gb-170mb-s\"><strong>MicroSDHC SanDisk Extreme Pro V30 A2 170MB / s memory card</strong></a></p>\r\n\r\n<p>MicroSDHC SanDisk Extreme Pro V30 A2 170MB / s memory card with ultra-fast recording speed allows taking Full HD videos, photos and videos for Android smartphones, MIL cameras, or GoPro Hero3, Hero3 +, Hero4, and Hero +.&nbsp;The specially designed MicroSDHC SanDisk Extreme Pro V30 A2 170MB / s memory card can exist even in the harshest environmental conditions.&nbsp;Fast speed allows you to capture every detail and help to move data very fast.&nbsp;With capacities up to 400GB, expand your phone memory and support high quality 4K movie shooting.</p>\r\n\r\n<p>All SanDisk products are manufactured to the highest standards and have been rigorously tested, so you can be confident in the outstanding quality, performance and reliability of each SanDisk product.</p>\r\n\r\n<p><strong>Designed with the latest devices</strong></p>\r\n\r\n<p>MicroSDHC SanDisk Extreme Pro V30 A2 170MB / s memory card is designed for the latest Android smartphones, tablets, MIL cameras, or GoPro Hero, Hero3, Hero3 +, Hero4, and Hero + LCD.&nbsp;Especially good compatibility with all types of Flycam available in the market.&nbsp;MicroSDHC SanDisk Extreme Pro V30 A2 170MB / s memory card allows you to take more shots and move faster.</p>\r\n', 1, 64),
(91, 'MicroSDXC SanDisk Extreme Pro V30 A2 128GB 170MBs', 60, 9, 'micro-sandisk-extreme-pro-a2-128-01.jpg,micro-sandisk-extreme-pro-a2-128-02.jpg,micro-sandisk-extreme-pro-a2-128-03.jpg', 1, 2, '<ul>\r\n	<li>\r\n		Product type: microSD\r\n	</li>\r\n	<li>\r\n		Capacity: 128 GB\r\n	</li>\r\n	<li>\r\n		Reading speed: 170 MB / s\r\n	</li>\r\n	<li>\r\n		Recording Speed: 90 MB / s\r\n	</li>\r\n	<li>\r\n		Warranty: 5 years\r\n	</li>\r\n</ul>\r\n', '<p><a href=\"https://www.memoryzone.com.vn/the-nho-microsdxc-sandisk-extreme-pro-v30-a2-128gb-170mb-s\"><strong>MicroSDHC SanDisk Extreme Pro V30 A2 170MB / s memory card</strong></a></p>\r\n\r\n<p>MicroSDHC SanDisk Extreme Pro V30 A2 170MB / s memory card with ultra-fast recording speed allows taking Full HD videos, photos and videos for Android smartphones, MIL cameras, or GoPro Hero3, Hero3 +, Hero4, and Hero +.&nbsp;The specially designed MicroSDHC SanDisk Extreme Pro V30 A2 170MB / s memory card can exist even in the harshest environmental conditions.&nbsp;Fast speed allows you to capture every detail and help to move data very fast.&nbsp;With capacities up to 400GB, expand your phone memory and support high quality 4K movie shooting.</p>\r\n\r\n<p>All SanDisk products are manufactured to the highest standards and have been rigorously tested, so you can be confident in the outstanding quality, performance and reliability of each SanDisk product.</p>\r\n\r\n<p><strong>Designed with the latest devices</strong></p>\r\n\r\n<p>MicroSDHC SanDisk Extreme Pro V30 A2 170MB / s memory card is designed for the latest Android smartphones, tablets, MIL cameras, or GoPro Hero, Hero3, Hero3 +, Hero4, and Hero + LCD.&nbsp;Especially good compatibility with all types of Flycam available in the market.&nbsp;MicroSDHC SanDisk Extreme Pro V30 A2 170MB / s memory card allows you to take more shots and move faster.</p>\r\n', 1, 128),
(92, 'MicroSDXC SanDisk Extreme V30 A2 64GB 160MBs', 45, 15, 'extreme-a2-64-01.jpg,extreme-a2-64-02.jpg,extreme-a2-64-03.jpg', 1, 2, '<ul>\r\n	<li>\r\n		Product type: microSD\r\n	</li>\r\n	<li>\r\n		Capacity: 64 GB\r\n	</li>\r\n	<li>\r\n		Read speed: 160 MB / s\r\n	</li>\r\n	<li>\r\n		Recording Speed: 60 MB / s\r\n	</li>\r\n	<li>\r\n		Warranty: 5 years\r\n	</li>\r\n</ul>\r\n', '<p><a href=\"https://www.memoryzone.com.vn/the-nho-microsdxc-sandisk-extreme-v30-a2-128gb-160mb-s\"><strong>MicroSD SanDisk Extreme V30 A2 memory card</strong></a></p>\r\n\r\n<p>MicroSD SanDisk Extreme V30 A2 memory card with ultra-fast recording speed allows taking Full HD video and photos, 4k for Android smartphones, MIL cameras, or GoPro Hero3, Hero3 +, Hero4, and Hero +.&nbsp;Specially designed MicroSD SanDisk Extreme V30 A2 memory card can survive even in the harshest environmental conditions.&nbsp;Fast speed allows you to capture every detail and help to move data very fast.&nbsp;With capacities up to 400GB, expand your phone memory and support high quality 4K movie shooting.</p>\r\n\r\n<p>All SanDisk products are manufactured to the highest standards and have been rigorously tested, so you can be confident in the outstanding quality, performance and reliability of each SanDisk product.</p>\r\n\r\n<p><strong>Designed with the latest devices</strong></p>\r\n\r\n<p>MicroSD SanDisk Extreme V30 A2 memory card is designed for the latest Android smartphones, tablets, MIL cameras, or GoPro Hero, Hero3, Hero3 +, Hero4, and Hero + LCD.&nbsp;MicroSD SanDisk Extreme V30 A2 memory card allows you to shoot more and move faster.</p>\r\n', 1, 64),
(93, 'MicroSDXC SanDisk Extreme V30 A2 128GB 160MBs', 65, 11, 'extreme-a2-128-01-65a02900-589b-4ad1-a371-257847c79a24.jpg,extreme-a2-128-02-0eae81fc-3865-483b-b06b-a1fc1fd27d3d.jpg,extreme-a2-128-03-d52505b9-19a1-4b74-8b68-75b9b1d923a1.jpg', 1, 2, '<ul>\r\n	<li>\r\n		Product type: microSD\r\n	</li>\r\n	<li>\r\n		Capacity: 128 GB\r\n	</li>\r\n	<li>\r\n		Read speed: 160 MB / s\r\n	</li>\r\n	<li>\r\n		Recording Speed: 90 MB / s\r\n	</li>\r\n	<li>\r\n		Warranty: 5 years\r\n	</li>\r\n</ul>\r\n', '<p><a href=\"https://www.memoryzone.com.vn/the-nho-microsdxc-sandisk-extreme-v30-a2-128gb-160mb-s\"><strong>MicroSD SanDisk Extreme V30 A2 memory card</strong></a></p>\r\n\r\n<p>MicroSD SanDisk Extreme V30 A2 memory card with ultra-fast recording speed allows taking Full HD video and photos, 4k for Android smartphones, MIL cameras, or GoPro Hero3, Hero3 +, Hero4, and Hero +.&nbsp;Specially designed MicroSD SanDisk Extreme V30 A2 memory card can survive even in the harshest environmental conditions.&nbsp;Fast speed allows you to capture every detail and help to move data very fast.&nbsp;With capacities up to 400GB, expand your phone memory and support high quality 4K movie shooting.</p>\r\n\r\n<p>All SanDisk products are manufactured to the highest standards and have been rigorously tested, so you can be confident in the outstanding quality, performance and reliability of each SanDisk product.</p>\r\n\r\n<p><strong>Super fast shooting with the highest image quality</strong></p>\r\n\r\n<p>MicroSD SanDisk Extreme V30 A2 memory card has a fast read speed of up to 160MB / s, which saves you time when moving high-resolution image files and 4K videos.&nbsp;Recording speeds of up to 90MB / s allow you to take advantage of the advanced functions of your phone, meeting the speed needed to take fast-moving photos or shooting in continuous mode.</p>\r\n', 1, 128),
(94, 'MicroSDXC SanDisk Ultra 64GB 80MBs 533x', 36, 28, 'micro-sandisk-ultra-533x-64gb-01.jpg,micro-sandisk-ultra-533x-64gb-02.jpg,micro-sandisk-ultra-533x-64gb-03.jpg', 1, 2, '<ul>\r\n	<li>\r\n		Product type: microSD\r\n	</li>\r\n	<li>\r\n		Capacity: 64 GB\r\n	</li>\r\n	<li>\r\n		Read speed: 80 MB / s\r\n	</li>\r\n	<li>\r\n		Recording Speed: 15 MB / s\r\n	</li>\r\n	<li>\r\n		Warranty: 5 years\r\n	</li>\r\n</ul>\r\n', '<p><strong><a href=\"https://memoryzone.com.vn/the-nho-microsdxc-sandisk-ultra-64gb-80mbs-533x-2017/\">80MB / s 2017 MicroSD Sandisk Ultra memory card</a></strong></p>\r\n\r\n<p><strong>Expand your storage space</strong></p>\r\n\r\n<p>MicroSD Sandisk Ultra memory card with capacity up to 64GB, so you will have a lot of space to store your photos and videos.&nbsp;And you also won&#39;t need to worry about deleting any data when the storage space issue is no longer important.</p>\r\n\r\n<p><strong>Add more space, save time</strong></p>\r\n\r\n<p>With lightning speed of up to 80 MB / s, MicroSD Sandisk Ultra memory card can quickly move all your photos and videos from your phone or&nbsp;tablet to your computer</p>\r\n\r\n<p><strong>Delivers extremely high quality images and videos</strong></p>\r\n\r\n<p>High-speed MicroSD Sandisk Ultra memory card, allowing you to take high-quality photos and record Full HD videos smoothly.</p>\r\n', 1, 64),
(95, 'MicroSDXC SanDisk Ultra A1 64GB 100MBs', 30, 35, 'micro-ultra-a1-64-01.jpg,micro-ultra-a1-64-02.jpg', 1, 2, '<ul>\r\n	<li>\r\n		Product type: microSD\r\n	</li>\r\n	<li>\r\n		Capacity: 64 GB\r\n	</li>\r\n	<li>\r\n		Read speed: 100 MB / s\r\n	</li>\r\n	<li>\r\n		Recording Speed: 10 ~ 15 MB / s\r\n	</li>\r\n	<li>\r\n		Warranty: 5 years\r\n	</li>\r\n</ul>\r\n', '<p><a href=\"https://memoryzone.com.vn/the-nho-microsdxc-sandisk-ultra-a1-64gb-100mbs/\"><strong>MicroSD SanDisk Ultra A1 memory card</strong></a></p>\r\n\r\n<p>MicroSD SanDisk Ultra A1 memory card allows you to store, transmit high-resolution images and Full HD videos on your Android smartphone or tablet.&nbsp;With capacities up to 400GB, MicroSD SanDisk Ultra A1 memory card can store a lot of high-resolution photo albums and Full HD video recording.&nbsp;With standard Class 10 speeds for Full HD video recording and read speeds up to 100MB / s for ultra fast file transfer.&nbsp;MicroSD SanDisk Ultra A1 memory card is waterproof, waterproof, heat-resistant, shock-proof, x-ray resistant, and magnetic resistant.&nbsp;All SanDisk products are manufactured to the highest standards and rigorously tested, so you can be assured of the outstanding quality, performance and reliability of each SanDisk product.</p>\r\n\r\n<p><strong>Extremely fast speeds of up to 100MB / s</strong></p>\r\n\r\n<p>With read speeds of up to 100MB / s, MicroSD SanDisk Ultra A1 memory card allows you to transfer high-resolution images and Full HD videos to your computer without having to wait long.</p>\r\n\r\n<p><strong>Compatible with your devices</strong></p>\r\n\r\n<p>MicroSD SanDisk Ultra A1 memory cards are perfectly compatible with smartphones and tablets running Android, and this card is also perfectly compatible with DSLR cameras.</p>\r\n', 1, 64),
(96, 'MicroSDXC SanDisk Ultra A1 128GB 100MBs', 66, 20, 'micro-ultra-a1-128-01.jpg,micro-ultra-a1-128-02.jpg,siyo-3bed8a50-d3e2-4df8-8151-4a7c73a88520.jpg', 1, 2, '<ul>\r\n	<li>\r\n		Product type: microSD\r\n	</li>\r\n	<li>\r\n		Capacity: 128 GB\r\n	</li>\r\n	<li>\r\n		Read speed: 100 MB / s\r\n	</li>\r\n	<li>\r\n		Recording Speed: 10 ~ 15 MB / s\r\n	</li>\r\n	<li>\r\n		Warranty: 5 years\r\n	</li>\r\n</ul>\r\n', '<p><a href=\"https://memoryzone.com.vn/the-nho-microsdxc-sandisk-ultra-a1-128gb-100mbs/\"><strong>MicroSD SanDisk Ultra A1 memory card</strong></a></p>\r\n\r\n<p>MicroSD SanDisk Ultra A1 memory card allows you to store, transmit high-resolution images and Full HD videos on your Android smartphone or tablet.&nbsp;With capacities up to 400GB, MicroSD SanDisk Ultra A1 memory card can store a lot of high-resolution photo albums and Full HD video recording.&nbsp;With standard Class 10 speeds for Full HD video recording and read speeds up to 100MB / s for ultra fast file transfer.&nbsp;MicroSD SanDisk Ultra A1 memory card is waterproof, waterproof, heat-resistant, shock-proof, x-ray resistant, and magnetic resistant.&nbsp;All SanDisk products are manufactured to the highest standards and rigorously tested, so you can be assured of the outstanding quality, performance and reliability of each SanDisk product.</p>\r\n\r\n<p><strong>Extremely fast speeds of up to 100MB / s</strong></p>\r\n\r\n<p>With read speeds of up to 100MB / s, MicroSD SanDisk Ultra A1 memory card allows you to transfer high-resolution images and Full HD videos to your computer without having to wait long.</p>\r\n\r\n<p><strong>Compatible with your devices</strong></p>\r\n\r\n<p>MicroSD SanDisk Ultra A1 memory cards are perfectly compatible with smartphones and tablets running Android, and this card is also perfectly compatible with DSLR cameras.</p>\r\n', 1, 128),
(97, 'Ram Corsair Vengeance DDR4 8GB (1x8GB) Bus 2400 CL16 CMSX8GX4M1A2400C16', 99, 35, 'vengeanve-laptop-ddr4-2400-01.jpg,vengeanve-laptop-ddr4-2400-02.jpg,vengeanve-laptop-ddr4-2400-03.jpg', 5, 7, '<ul>\r\n	<li>\r\n		Product type: Ram laptop\r\n	</li>\r\n	<li>\r\n		Capacity: 8 GB (1x8GB)\r\n	</li>\r\n	<li>\r\n		Standard: DDR4\r\n	</li>\r\n	<li>\r\n		Bus: 2400 Mhz\r\n	</li>\r\n	<li>\r\n		Voltage: 1.2v\r\n	</li>\r\n	<li>\r\n		Warranty: 3 years genuine\r\n	</li>\r\n</ul>\r\n', '<ul>\r\n	<li><strong>Add processing capabilities:</strong>&nbsp;If you are a laptop user for editing and editing images and videos, then you will probably need more RAM to optimize the performance of the laptop.&nbsp;Upgrading an additional 4GB or 8GB of RAM provides the ability to handle multiple applications at the same time and create a cache to handle large-size graphic files.</li>\r\n	<li><strong>Compatible with most Laptops:</strong>&nbsp;&nbsp;Corsair Vengeance for Laptop RAM is designed to work well with any device that supports DDR4 SODIMMS RAM without encountering &quot;cocoon&quot;.</li>\r\n	<li><strong>Optimized to achieve the highest performance on high-end Laptop series:</strong>&nbsp;&nbsp;There are many laptops equipped with RAM not smart enough to adjust the speed to be compatible with the CPU, leading to a decline in processing performance. .&nbsp;RAM Corsair Vegeance is different, if your laptop has an Intel 6th generation Core i5 or i7 processor, Corsair Vengeance ram will automatically calculate the highest supported speed and adjust itself.&nbsp;You do not need to manually adjust the BIOS.</li>\r\n</ul>\r\n', 1, 8);
INSERT INTO `product` (`id`, `name`, `price`, `quantity`, `photo`, `product_category_id`, `brand_id`, `information`, `description`, `status`, `size`) VALUES
(98, 'Ram G.Skill Ripjaws DDR4 4GB Bus 2400MHz 1.2v F4-2400C16S-4GRS', 50, 55, 'f4-2133c15s-4grs-01-b601001c-ed53-4117-9493-d464ac6e8906.jpg,f4-2133c15s-4grs-02-b0f1b83b-c0b1-412a-84dd-4a2e6e6872e6.jpg', 5, 8, '<ul>\r\n	<li>\r\n		Product type: Ram Laptop\r\n	</li>\r\n	<li>\r\n		Capacity: 4 GB\r\n	</li>\r\n	<li>\r\n		Standard: DDR4\r\n	</li>\r\n	<li>\r\n		Bus: 2400 Mhz\r\n	</li>\r\n	<li>\r\n		Voltage: 1.2v\r\n	</li>\r\n	<li>\r\n		1 year genuine 1 year warranty 1&nbsp;\r\n	</li>\r\n</ul>\r\n', '<p><strong>Ram Laptop G.Skill Ripjaws DDR4 SO-DIMM</strong></p>\r\n\r\n<p><strong>A New Standard of Speed</strong></p>\r\n\r\n<p>Feel the turbo speed with G.SKILL Ripjaws DDR4 SO-DIMM! Designed for NUC series and small-sized computers, Ram Laptop G.SKILL Ripjaws DDR4 SO-DIMM is an extremely ideal system upgrade solution that provides faster data transfer and savings. more energy.</p>\r\n\r\n<p><strong>Extremely high performance and reliability</strong></p>\r\n\r\n<p>Ram Laptop G.SKILL Ripjaws DDR4 SO-DIMM is manufactured with specially selected and tested components manually with extremely strict standards of&nbsp;</p>\r\n', 1, 4),
(99, 'Ram Laptop Adata XPG Flame DDR4 8GB Bus 2400 CL15 SO-DIMM AX4S2400W8G15-SBF', 49, 26, 'xpgflameddr401.jpg', 5, 13, '<ul>\r\n	<li>\r\n		Product type: Ram Laptop\r\n	</li>\r\n	<li>\r\n		Capacity: 8 GB\r\n	</li>\r\n	<li>\r\n		Standard: DDR4\r\n	</li>\r\n	<li>\r\n		Bus: 2400 Mhz\r\n	</li>\r\n	<li>\r\n		Voltage: 1.2v\r\n	</li>\r\n	<li>\r\n		3 year warranty\r\n	</li>\r\n</ul>\r\n', '<table border=\"1\" cellspacing=\"0\" style=\"width:793px\">\r\n	<tbody>\r\n		<tr>\r\n			<td style=\"background-color:#ffffff; border-color:#e1e1e1; text-align:left\">\r\n			<p><a href=\"https://memoryzone.com.vn/ram-laptop-adata-xpg-flame-ddr4-8gb-bus-2400-cl15-dimm-ax4s2400w8g15-sbf/\"><strong>Adata Laptop Adata XPG Flame DDR4 SO-DIMM</strong></a></p>\r\n\r\n			<p><strong>Warm up your game</strong>&nbsp;Designed for professional gamers and enthusiastic users, Adata Laptop XPG Flame DDR4 SO-DIMM offers all the high features The most level of DDR4 with extremely amazing performance and efficiency.&nbsp;DDR4 technology consumes 20% less energy while achieving much higher speeds than older DDR3 technology.&nbsp;In addition, Adata Laptop RAM XPG Flame DDR4 SO-DIMM supports Intel XMP 2.0 and uses advanced cooling technologies to allow easy overclocking while maintaining stability.&nbsp;Adata Laptop RAM XPG Flame DDR4 SO-DIMM is the most ideal PC upgrade solution for enthusiast and professional gamers.</p>\r\n			</td>\r\n			<td style=\"background-color:#ffffff; border-color:#e1e1e1; text-align:center\"><img src=\"https://static.memoryzone.com.vn/wp-content/uploads/2017/12/XPG-Flame-DDR4-09.jpg\" style=\"height:39px; width:70%\" /></td>\r\n		</tr>\r\n	</tbody>\r\n</table>\r\n\r\n<table border=\"1\" cellspacing=\"0\" style=\"width:793px\">\r\n	<tbody>\r\n		<tr>\r\n			<td style=\"background-color:#ffffff; border-color:#e1e1e1; text-align:center\"><img src=\"https://static.memoryzone.com.vn/wp-content/uploads/2017/12/XPG-Flame-DDR4-04.jpg\" style=\"height:auto; width:100%px\" /></td>\r\n			<td style=\"background-color:#ffffff; border-color:#e1e1e1; text-align:left\"><strong>XPG Flame Memory - Overcoming all challenges!&nbsp;</strong>Adata Laptop RAM XPG Flame DDR4 SO-DIMM with all the most advanced features of DDR4 and SO-DIMM standard for Laptops, ideal for all Laptop Gaming computers, providing higher speeds, extreme heat dissipation Good help cool operation.</td>\r\n		</tr>\r\n	</tbody>\r\n</table>\r\n', 1, 8),
(100, 'Ram Laptop Crucial DDR4 16GB Bus 2400Mhz (CT16G4SFD824A)', 99, 15, 'crucial-ddr4-2666-01-8ab86653-d5cb-4636-b652-1648b8d3f5aa.jpg', 5, 6, '<ul>\r\n	<li>\r\n		Product type: Ram Laptop\r\n	</li>\r\n	<li>\r\n		Capacity: 16 GB\r\n	</li>\r\n	<li>\r\n		Standard: DDR4\r\n	</li>\r\n	<li>\r\n		Bus: 2400 Mhz\r\n	</li>\r\n	<li>\r\n		Voltage: 1.2v\r\n	</li>\r\n	<li>\r\n		3 year warranty\r\n	</li>\r\n</ul>\r\n', '<table border=\"1\" cellspacing=\"0\" style=\"width:793px\">\r\n	<tbody>\r\n		<tr>\r\n			<td style=\"background-color:#ffffff; border-color:#e1e1e1; text-align:left\">\r\n			<p><a href=\"https://memoryzone.com.vn/ram-laptop-crucial-ddr4-16gb-bus-22400-skylake-kabylake-ct16g4sfd824a/\"><strong>Ram Crucial DDR4 Laptop 16GB Bus 2400</strong></a></p>\r\n\r\n			<p><strong>More speed.&nbsp;More battery life.&nbsp;C&oacute; nhi&#7873;u b&#7897; nh&#7899;.&nbsp;Fuel your next-gen laptop.</strong></p>\r\n\r\n			<p>Ram Crucial DDR4 Laptop 16GB Bus 2400 breaks every speed limit of DDR3 when bottlenecks occur.&nbsp;Improve computer performance, save more energy and much larger capacity, support all the latest generation processor lines - Ultra high bus pulses up to 2400 MT / s.&nbsp;- Ability to increase bandwidth up to 30%.&nbsp;- Reduce energy consumption up to 40% and extend battery life.&nbsp;- Increase access speed to improve sequential data throughput.&nbsp;- Optimized for the latest generation of processors and platforms.&nbsp;- Retail module capacity up to 8GB and Kit up to 32GB.&nbsp;- Warranty period up to 36 months.</p>\r\n\r\n			<table border=\"1\" cellspacing=\"0\" style=\"width:793px\">\r\n				<tbody>\r\n					<tr>\r\n						<td style=\"background-color:#ffffff; border-color:#e1e1e1; text-align:center\">&nbsp;</td>\r\n						<td style=\"background-color:#ffffff; border-color:#e1e1e1; text-align:left\">\r\n						<p><strong>Energy saving</strong></p>\r\n\r\n						<p>Crucial DDR4 Ram 16GB Bus 2400 uses 1.2v voltage to help consume 20% less power than DDR3 Ram, and increase overall performance by up to 40%.</p>\r\n						</td>\r\n					</tr>\r\n				</tbody>\r\n			</table>\r\n			</td>\r\n			<td style=\"background-color:#ffffff; border-color:#e1e1e1; text-align:center\">&nbsp;</td>\r\n		</tr>\r\n	</tbody>\r\n</table>\r\n', 1, 16),
(101, 'Ram Laptop Kingston DDR4 4GB Bus 2400 KVR24S17S64', 48, 33, 'kvr-ddr4-2400-4gb-01.jpg,kvr-ddr4-2400-4gb-02.jpg,kvr-ddr4-2400-4gb-03.jpg', 5, 5, '<ul>\r\n	<li>\r\n		Product type: Ram Laptop\r\n	</li>\r\n	<li>\r\n		Capacity: 4 GB\r\n	</li>\r\n	<li>\r\n		Standard: DDR4\r\n	</li>\r\n	<li>\r\n		Bus: 2400 Mhz\r\n	</li>\r\n	<li>\r\n		Voltage: 1.2v\r\n	</li>\r\n	<li>\r\n		3 year warranty\r\n	</li>\r\n</ul>\r\n', '<table border=\"1\" cellspacing=\"0\" style=\"width:793px\">\r\n	<tbody>\r\n		<tr>\r\n			<td style=\"background-color:#ffffff; border-color:#e1e1e1; text-align:center\"><img alt=\"Hyperx-Im-Sodimm-DDR3L-03\" src=\"https://static.memoryzone.com.vn/images/HoanVu/RAM/Hyperx-Im-Sodimm-DDR3L-03.jpg\" style=\"height:auto; width:100%px\" /></td>\r\n			<td style=\"background-color:#ffffff; border-color:#e1e1e1; text-align:left\">\r\n			<p><strong>High performance</strong></p>\r\n\r\n			<p>Kingston Kingston DDR4 2400MHz supports 2400MHz high frequency.&nbsp;Get faster speed and higher capacity, just install it on your computer, no need to adjust in BIOS.</p>\r\n			</td>\r\n		</tr>\r\n	</tbody>\r\n</table>\r\n\r\n<table border=\"1\" cellspacing=\"0\" style=\"width:793px\">\r\n	<tbody>\r\n		<tr>\r\n			<td style=\"background-color:#ffffff; border-color:#e1e1e1; text-align:left\">\r\n			<p><strong>Extremely good compatibility with Intel and AMD Platforms</strong></p>\r\n\r\n			<p>No matter if you are a fan of Intel or AMD, the Kingston Ram DDR4 2400MHz is your best choice and has been tested with all of the well-known motherboard brands.</p>\r\n			</td>\r\n			<td style=\"background-color:#ffffff; border-color:#e1e1e1; text-align:center\"><img alt=\"Hyperx-Im-Sodimm-DDR3L-04\" src=\"https://static.memoryzone.com.vn/images/HoanVu/RAM/Hyperx-Im-Sodimm-DDR3L-04.jpg\" style=\"height:auto; width:100%px\" /></td>\r\n		</tr>\r\n	</tbody>\r\n</table>\r\n\r\n<table border=\"1\" cellspacing=\"0\" style=\"width:793px\">\r\n	<tbody>\r\n		<tr>\r\n			<td style=\"background-color:#ffffff; border-color:#e1e1e1; text-align:center\"><img alt=\"Hyperx-Im-Sodimm-DDR3L-07\" src=\"https://static.memoryzone.com.vn/images/HoanVu/RAM/Hyperx-Im-Sodimm-DDR3L-07.jpg\" style=\"height:auto; width:100%px\" /></td>\r\n			<td style=\"background-color:#ffffff; border-color:#e1e1e1; text-align:left\">\r\n			<p><strong>DDR4 - Use low voltage</strong></p>\r\n\r\n			<p>Kingston RAM DDR4 2400MHz uses low voltage at 1.2v to make operation cooler and quieter.</p>\r\n			</td>\r\n		</tr>\r\n	</tbody>\r\n</table>\r\n\r\n<p>&nbsp;</p>\r\n', 1, 4),
(102, 'Ram Laptop Kingston HyperX Impact DDR4 8GB Bus 2666 for Skylake HX426S15IB28', 52, 35, 'hyperx-impact-ddr4-01.jpg,hyperx-impact-ddr4-02.jpg,hyperx-impact-ddr4-04.jpg', 5, 5, '<ul>\r\n	<li>\r\n		Product type: Ram Laptop\r\n	</li>\r\n	<li>\r\n		Capacity: 8 GB\r\n	</li>\r\n	<li>\r\n		Standard: DDR4\r\n	</li>\r\n	<li>\r\n		Bus: 2666 Mhz\r\n	</li>\r\n	<li>\r\n		Voltage: 1.2v\r\n	</li>\r\n	<li>\r\n		3 year warranty\r\n	</li>\r\n</ul>\r\n', '<table border=\"1\" cellspacing=\"0\" style=\"width:793px\">\r\n	<tbody>\r\n		<tr>\r\n			<td style=\"background-color:#ffffff; border-color:#e1e1e1; text-align:left\">\r\n			<p><strong>RAM Kingston HyperX Impact DDR4 - The world&#39;s fastest memory</strong></p>\r\n\r\n			<p>Ram Kingston HyperX Impact boasts the world&#39;s fastest frequency memory SO-DIMM - 3200MHz - to meet the needs of all computing platforms.&nbsp;Automatically identify plugged platforms and automatically overclock with the highest published frequency (up to 3200MHz) without having to adjust any settings in the BIOS system.&nbsp;Therefore, you will get extremely high performance thanks to the technologies of the latest AMD processors or Intel CPU technologies - even if you are a Newbie.&nbsp;Ram Kingston HyperX Impact gives you a great experience when playing Games or using heavy programs that keep your system cool.&nbsp;Designed with low voltage at 1.2v for less power consumption, reduced heat generation and quiet operation.&nbsp;The sleek, sleek design accentuates your computer system.&nbsp;Best of all,&nbsp;Kingston HyperX Impact Ram delivers high performance at a low cost.&nbsp;Genuine 3-year warranty and free technical support with legendary reliability.</p>\r\n			</td>\r\n			<td style=\"background-color:#ffffff; border-color:#e1e1e1; text-align:center\"><img src=\"https://bizweb.dktcdn.net/100/329/122/files/hyperx-impact-ddr4-04.jpg?v=1537334659338\" style=\"float:right; height:180px; width:350px\" /></td>\r\n		</tr>\r\n	</tbody>\r\n</table>\r\n', 1, 8),
(103, 'Ram PC Corsair Vengeance LPX 8GB Bus 2666 DDR4 C16 (CMK8GX4M1A2666C16)', 60, 34, 'corsair-ddr4-2400-bl-00.jpg,corsair-ddr4-2400-bl-01.jpg,corsair-ddr4-2400-bl-04.jpg', 6, 7, '<ul>\r\n	<li>\r\n		Product type: Ram PC\r\n	</li>\r\n	<li>\r\n		Capacity: 8 GB (1 x 8 GB)\r\n	</li>\r\n	<li>\r\n		Standard: DDR4\r\n	</li>\r\n	<li>\r\n		Bus: 2666 Mhz\r\n	</li>\r\n	<li>\r\n		Voltage: 1.2v\r\n	</li>\r\n	<li>\r\n		Genuine 3-year warranty\r\n	</li>\r\n</ul>\r\n', '<table border=\"1\" cellspacing=\"0\" style=\"width:793px\">\r\n	<tbody>\r\n		<tr>\r\n			<td style=\"background-color:#ffffff; border-color:#e1e1e1; text-align:left\">\r\n			<p><strong>Design for extremely high performance</strong></p>\r\n\r\n			<p>Corsair Ram is designed to be extremely tight production and tested to ensure the best performance and compatibility on almost all x99 Series motherboards on the market.</p>\r\n			</td>\r\n			<td style=\"background-color:#ffffff; border-color:#e1e1e1; text-align:center\"><img alt=\"Corsair-DDR4-2400-10\" src=\"https://static.memoryzone.com.vn/images/HoanVu/RAM/Corsair/Corsair-DDR4-2400-10.jpg\" style=\"height:auto; width:100%px\" /></td>\r\n		</tr>\r\n	</tbody>\r\n</table>\r\n\r\n<table border=\"1\" cellspacing=\"0\" style=\"width:793px\">\r\n	<tbody>\r\n		<tr>\r\n			<td style=\"background-color:#ffffff; border-color:#e1e1e1; text-align:center\">&nbsp;</td>\r\n			<td style=\"background-color:#ffffff; border-color:#e1e1e1; text-align:left\">\r\n			<p><strong>Extremely good overclocking</strong></p>\r\n\r\n			<p>Each Vengeance LPX module is built from an eight-layer PCB and high-end memory IC.&nbsp;Comes with a heat sink for efficient cooling to improve overclocking.</p>\r\n			</td>\r\n		</tr>\r\n	</tbody>\r\n</table>\r\n\r\n<table border=\"1\" cellspacing=\"0\" style=\"width:793px\">\r\n	<tbody>\r\n		<tr>\r\n			<td style=\"background-color:#ffffff; border-color:#e1e1e1; text-align:left\">\r\n			<p><strong>Support XMP 2.0, automatic overclocking</strong></p>\r\n\r\n			<p>Intel x99 motherboards based on the new XMP 2.0 standard, and the current Ram Vengeance LPX DRAM are also fully compatible.&nbsp;Just turn on the overclocking function, and it will automatically adjust the fastest and safest speed for your Vengeance LPX kit.&nbsp;You will get great performance without worrying about anything.</p>\r\n			</td>\r\n			<td style=\"background-color:#ffffff; border-color:#e1e1e1; text-align:center\">&nbsp;</td>\r\n		</tr>\r\n	</tbody>\r\n</table>\r\n', 1, 8),
(104, 'Ram PC Corsair Vengeance RGB Pro DDR4 KIT 16GB (2x8GB) Bus 3000Mhz C15 ', 99, 28, 'corsair-ddr4-2400-bl-00.jpg,corsair-ddr4-2400-bl-01.jpg,corsair-ddr4-2400-bl-04.jpg', 6, 7, '<ul>\r\n	<li>\r\n		Product type: Ram PC\r\n	</li>\r\n	<li>\r\n		Capacity: 16 GB\r\n	</li>\r\n	<li>\r\n		Standard: DDR4\r\n	</li>\r\n	<li>\r\n		Bus: 3000 Mhz\r\n	</li>\r\n	<li>\r\n		Voltage: 1.35v\r\n	</li>\r\n	<li>\r\n		Warranty: 36 months\r\n	</li>\r\n</ul>\r\n', '<p><a href=\"https://memoryzone.com.vn/ram-pc-corsair-vengeance-rgb-pro-ddr4-kit-16gb-2x8gb-bus-3000mhz-c15-cmw16gx4m2c3000c15/\"><strong>Ram PC Corsair Vengeance&nbsp;</strong><strong>&nbsp;RGB PRO DDR4</strong></a></p>\r\n\r\n<p><strong>VISUALIZE, SYNCHRONIZE, MEMORIZE.</strong></p>\r\n\r\n<p>Ram Corsair Vengeance RGB PRO DDR4 PC with a system that illuminates your computer with extremely porthole RGB light, and delivers the highest performance of DDR4.&nbsp;The&nbsp;powerful&nbsp;<strong>CORSAIR iCUE</strong>&nbsp;software&nbsp;makes your system come alive with dynamic RGB fine tuning, which can also synchronize on all iCUE compatible products including memory, fan, strip of lights RGB LED, keyboard, mouse and more.&nbsp;You can also save multiple profiles at once to change quickly and easily.</p>\r\n\r\n<p><strong>Extremely wide bandwidth - extremely high responsiveness</strong></p>\r\n\r\n<p>Corsair Vengeance RGB PRO DDR4 PC RAM is optimized for the highest performance on the latest Intel and AMD DDR4 motherboards with bandwidth up to 3600MHz.</p>\r\n', 1, 16),
(105, 'Ram PC Crucial Ballistix Sport AT 8GB Bus 2666 DDR4 CL16', 45, 50, 'ballistix-sport-at-00.jpg,ballistix-sport-at-02.jpg,ballistix-sport-at-03.jpg', 6, 6, '<ul>\r\n	<li>\r\n		Product type: Ram PC\r\n	</li>\r\n	<li>\r\n		Capacity: 8 GB (1 x 8 GB)\r\n	</li>\r\n	<li>\r\n		Standard: DDR4\r\n	</li>\r\n	<li>\r\n		Bus: 2666 Mhz\r\n	</li>\r\n	<li>\r\n		Voltage: 1.2v\r\n	</li>\r\n	<li>\r\n		3 year warranty\r\n	</li>\r\n</ul>\r\n', '<table border=\"1\" cellspacing=\"0\" style=\"width:793px\">\r\n	<tbody>\r\n		<tr>\r\n			<td style=\"background-color:#ffffff; border-color:#e1e1e1; text-align:left\">\r\n			<p><strong>Extremely high performance - extremely large capacity</strong></p>\r\n\r\n			<p>Compared to the standard Ram Crucial series, the Ram Crucial Ballistix Sport AT makes your system more efficient - faster than the current limit of other mainstream models with bandwidth up to 3000MT / s and odd modules up to 16GB.</p>\r\n			</td>\r\n			<td style=\"background-color:#ffffff; border-color:#e1e1e1; text-align:center\">&nbsp;</td>\r\n		</tr>\r\n	</tbody>\r\n</table>\r\n\r\n<table border=\"1\" cellspacing=\"0\" style=\"width:793px\">\r\n	<tbody>\r\n		<tr>\r\n			<td style=\"background-color:#ffffff; border-color:#e1e1e1; text-align:center\">&nbsp;</td>\r\n			<td style=\"background-color:#ffffff; border-color:#e1e1e1; text-align:left\">\r\n			<p><strong>Easy to install</strong></p>\r\n\r\n			<p>Ballistix Sport AT Ram memory uses advanced technology, intuitive designed modules, Intel XMP 2.0 feature allows you to customize the bandwidth to be increased or lowered easily without requiring too much attention. qualification.&nbsp;Lower latency and for the system to operate in the most stable way.</p>\r\n			</td>\r\n		</tr>\r\n	</tbody>\r\n</table>\r\n\r\n<table border=\"1\" cellspacing=\"0\" style=\"width:793px\">\r\n	<tbody>\r\n		<tr>\r\n			<td style=\"background-color:#ffffff; border-color:#e1e1e1; text-align:left\">\r\n			<p><strong>Works cool</strong></p>\r\n\r\n			<p>High performance and stability, so the temperature factor is top priority.&nbsp;Using technology Camo and appropriate heat dissipation so you will not have to worry about increasing the clock up and fear whether the cooling system is overloaded.</p>\r\n			</td>\r\n			<td style=\"background-color:#ffffff; border-color:#e1e1e1; text-align:center\">&nbsp;</td>\r\n		</tr>\r\n	</tbody>\r\n</table>\r\n', 1, 8),
(106, 'Ram PC Crucial Ballistix Sport LT 8GB Bus 2400 DDR4 CL16 BLS8G4D240FSEK', 42, 48, 'ballistixsportred01.jpg', 6, 6, '<ul>\r\n	<li>\r\n		Product type: Ram PC\r\n	</li>\r\n	<li>\r\n		Capacity: 8 GB (1 x 8 GB)\r\n	</li>\r\n	<li>\r\n		Standard: DDR4\r\n	</li>\r\n	<li>\r\n		Bus: 2400 Mhz\r\n	</li>\r\n	<li>\r\n		Voltage: 1.2v\r\n	</li>\r\n	<li>\r\n		3 year warranty\r\n	</li>\r\n</ul>\r\n', '<p><strong>Extremely high performance</strong>&nbsp;Compared to the standard Ram Crucial series, the Ram Crucial Ballistix Sport makes your system more efficient - faster than the current limit of other mainstream models.</p>\r\n\r\n<p><strong>Easy to install</strong>&nbsp;Ballistix Sport Ram memory uses advanced technology, intuitive designed modules, Intel XMP 2.0 feature allows you to customize bandwidth up or down easily without requiring too much about professional qualifications.&nbsp;Lower latency and for the system to operate in the most stable way.</p>\r\n\r\n<p><strong>Cool operation</strong>&nbsp;High performance and stability, so the temperature factor is top priority.&nbsp;Using technology Camo and appropriate heat dissipation so you will not have to worry about increasing the clock on whether the cooling system is overloaded.</p>\r\n', 1, 8),
(107, 'Ram PC G.SKILL Trident Z Royal Series 16GB RGB DDR4 Bus 3000 CL16 XMP Gold ', 199, 19, 'trident-z-royal-gold-ddr4-01.jpg,trident-z-royal-gold-ddr4-02.jpg,trident-z-royal-gold-ddr4-05.jpg', 6, 8, '<ul>\r\n	<li>\r\n		Product type: Ram PC\r\n	</li>\r\n	<li>\r\n		Capacity: 16GB (2 x 8GB)\r\n	</li>\r\n	<li>\r\n		Standard: DDR4\r\n	</li>\r\n	<li>\r\n		Bus: 2133 - 3000 Mhz\r\n	</li>\r\n	<li>\r\n		Voltage: 1.2v, 1.35v\r\n	</li>\r\n	<li>\r\n		3 year warranty\r\n	</li>\r\n</ul>\r\n', '<p><a href=\"https://www.memoryzone.com.vn/ram-pc-g-skill-trident-z-royal-series-16gb-rgb-ddr4-bus-3000-cl16-xmp-gold-kit-8gb-x-2-f4-3000c16d-16gtrg\"><strong>Trident Z Ram PC G.SKILL Royal Series DDR4 RGB</strong></a></p>\r\n\r\n<p>Ram PC G.Skill Trident Z Royal is the newest member of G.Skill&#39;s Trident Z product line.&nbsp;With an extremely noble and meticulously designed royal style design, the light bar disperses RGB color to give a beautiful effect.&nbsp;The aluminum radiator polished in gold or silver helps cool the internal memory modules.&nbsp;Designed with 8 RGB zones that can be controlled and tested for reliability, compatibility and performance across a variety of motherboards, providing amazing speeds up to DDR4-4600 MHz and more , Trident Z Royal is the ultimate high-performance RGB memory.</p>\r\n\r\n<p><strong>16 million color RGB Full Range and brilliant crystal effect</strong></p>\r\n\r\n<p>Uniquely designed to disperse and refract light from 8 separate RGB LED zones and is perfectly combined on each Ram module, providing excellent lighting in your PC system.</p>\r\n\r\n<p><strong>Overlocking support</strong></p>\r\n\r\n<p>Ram PC G.Skill Trident Z Royal equipped with specially screened IC memory chips through the excellent selection process of G.SKILL and a custom designed ten-layer PCB providing dark signal stability Multi, products are rigorously tested for reliability, compatibility and performance on many motherboards.</p>\r\n', 1, 16),
(108, 'Ram PC G.SKILL Trident Z Royal Series 16GB RGB DDR4 Bus 3000 CL16 XMP Silver ', 240, 12, 'trident-z-royal-silver-ddr4-01.jpg,trident-z-royal-silver-ddr4-02.jpg,trident-z-royal-silver-ddr4-05.jpg', 6, 1, '<ul>\r\n	<li>\r\n		Product type: Ram PC\r\n	</li>\r\n	<li>\r\n		Capacity: 16GB (2 x 8GB)\r\n	</li>\r\n	<li>\r\n		Standard: DDR4\r\n	</li>\r\n	<li>\r\n		Bus: 2133 - 3000 Mhz\r\n	</li>\r\n	<li>\r\n		Voltage: 1.2v, 1.35v\r\n	</li>\r\n	<li>\r\n		3 year warranty\r\n	</li>\r\n</ul>\r\n', '<p><a href=\"https://www.memoryzone.com.vn/ram-pc-g-skill-trident-z-royal-series-16gb-rgb-ddr4-bus-3000-cl16-xmp-silver-kit-8gb-x-2-f4-3000c16d-16gtrs\"><strong>Trident Z Ram PC G.SKILL Royal Series DDR4 RGB</strong></a></p>\r\n\r\n<p>Ram PC G.Skill Trident Z Royal is the newest member of G.Skill&#39;s Trident Z product line.&nbsp;With an extremely noble and meticulously designed royal style design, the light bar disperses RGB color to give a beautiful effect.&nbsp;The aluminum radiator polished in gold or silver helps cool the internal memory modules.&nbsp;Designed with 8 RGB zones that can be controlled and tested for reliability, compatibility and performance across a variety of motherboards, providing amazing speeds up to DDR4-4600 MHz and more , Trident Z Royal is the ultimate high-performance RGB memory.</p>\r\n\r\n<p><strong>Luxury aluminum radiator</strong></p>\r\n\r\n<p>Ram PC G.Skill Trident Z Royal is designed with CNC cutting aluminum radiator system to help keep the memory effectively cooled and help the module to be solid.&nbsp;In addition, the radiator aluminum shell is also electroplated with shiny gold or silver.</p>\r\n\r\n<p><strong>Very good compatibility</strong></p>\r\n\r\n<p>Ram PC G.Skill Trident Z Royal with extremely good compatibility with any Intel or AMD platform, each Trident Z Royal memory is tested for absolute compatibility and reliability, so you can build Build a truly custom PC with multiple motherboards.</p>\r\n', 1, 16),
(109, 'Ram PC G.SKILL Trident Z RGB DDR4 16GB Bus 3000 Black CL16 XMP', 189, 22, 'trident-z-rgb-ddr4-01.jpg,trident-z-rgb-ddr4-03.jpg,trident-z-rgb-ddr4-04.jpg', 6, 8, '<ul>\r\n	<li>\r\n		Product type: Ram PC\r\n	</li>\r\n	<li>\r\n		Capacity: 16GB (2 x 8GB)\r\n	</li>\r\n	<li>\r\n		Standard: DDR4\r\n	</li>\r\n	<li>\r\n		Bus: 2133 - 3000 Mhz\r\n	</li>\r\n	<li>\r\n		Voltage: 1.2v, 1.35v\r\n	</li>\r\n	<li>\r\n		3 year warranty\r\n	</li>\r\n</ul>\r\n', '<table border=\"1\" cellspacing=\"0\" style=\"width:793px\">\r\n	<tbody>\r\n		<tr>\r\n			<td style=\"background-color:#ffffff; border-color:#e1e1e1; text-align:left\">\r\n			<p><a href=\"https://memoryzone.com.vn/ram-pc-g-skill-trident-z-full-length-rgb-ddr4-16gb-bus-3000-black-cl16-xmp-kit-8gb-x-2-f4-3000c16d-16gtzr/\"><strong>Ram PC G.SKILL Trident Z full length DDR4 16GB Bus 3000</strong></a></p>\r\n\r\n			<p>With a light bar fully exposed to the brilliant RGB LED, it is combined with the award-winning Ram PC G.SKILL Trident Z full-length design of DDR4 16GB Bus 3000 and built with high quality components. Highest quality, PC G.SKILL Trident RAM memory Z full length DDR4 16GB Bus 3000 RGB combines the most vivid RGB light with outstanding performance.</p>\r\n			</td>\r\n		</tr>\r\n	</tbody>\r\n</table>\r\n\r\n<p><strong>Supports 16 million colors Full Range RGB</strong></p>\r\n\r\n<p>Ram PC G.SKILL Trident Z full length DDR4 RGB 16GB Bus 3000 is equipped with 16 million color RGB led strip, supports easy customization by software.</p>\r\n\r\n<p><strong>Specially designed</strong></p>\r\n\r\n<p>Ram PC G.SKILL Trident Z full length RGB DDR4 16GB Bus 3000 retains the iconic design of the traditional Trident Z series - with a luxurious aluminum radiator for extremely good heat dissipation.&nbsp;The top of the heat sink is designed with a wider light diffuser for more stunning lighting effects.</p>\r\n', 1, 16),
(110, 'Ram PC Kingston HyperX Predator DDR4 RGB 8GB Bus 3200 Black CL16 XMP', 178, 19, 'predator-ddr4-2933-rgb-01.jpg,predator-ddr4-2933-rgb-03.jpg,predator-ddr4-2933-rgb-04-a6b09e11-8d5b-460a-b11a-3dd1fe7f06ba.jpg', 6, 5, '<ul>\r\n	<li>\r\n		Product type: Ram PC\r\n	</li>\r\n	<li>\r\n		Capacity: 8GB (1 x 8GB)\r\n	</li>\r\n	<li>\r\n		Standard: DDR4\r\n	</li>\r\n	<li>\r\n		Bus: 2400 - 3000 - 3200 Mhz\r\n	</li>\r\n	<li>\r\n		Voltage: 1.2v, 1.35v\r\n	</li>\r\n	<li>\r\n		Warranty: 3 years genuine\r\n	</li>\r\n</ul>\r\n', '<p><strong>Many RGB effects</strong></p>\r\n\r\n<p>Ram Kingston HyperX Predator DDR4 RGB PC with beautiful 16 million color RGB transform effects and you can customize your own style.</p>\r\n\r\n<p><strong>HyperX Infrared Synchronization Technology</strong></p>\r\n\r\n<p>Ram Kingston HyperX Predator DDR4 RGB PC makes it easy to create a unique style for your system, you can customize it with the Motherboard RGB software and you can synchronize it all thanks to its infrared sync technology. HyperX.</p>\r\n\r\n<p><strong>Optimized for the latest Intel platforms</strong></p>\r\n\r\n<p>Intel XMP-Ready Profiles is optimized for the latest Intel platforms - just choose the XMP configuration you want and you&#39;re ready.</p>\r\n', 1, 8),
(111, 'Ram PC KLEVV CRAS II RGB DDR4 KIT 16GB (2x8GB) Bus 3200Mhz', 189, 34, 'klevv-crasii-rgb-01.jpg,klevv-crasii-rgb-02.jpg,klevv-crasii-rgb-03.jpg', 6, 15, '<div>\r\n	<div>\r\n		<ul>\r\n			<li>\r\n				Product type: Ram PC\r\n			</li>\r\n			<li>\r\n				Capacity: 16 GB\r\n			</li>\r\n			<li>\r\n				Standard: DDR4\r\n			</li>\r\n			<li>\r\n				Bus: 3200 Mhz\r\n			</li>\r\n			<li>\r\n				Voltage: 1.35v\r\n			</li>\r\n			<li>\r\n				3 year warranty\r\n			</li>\r\n		</ul>\r\n	</div>\r\n</div>\r\n\r\n<div>\r\n	<div>\r\n		<div>\r\n			&nbsp;\r\n		</div>\r\n	</div>\r\n</div>\r\n', '<p><a href=\"https://memoryzone.com.vn/ram-pc-klevv-cras-ii-rgb-ddr4-kit-16gb-2x8gb-bus-3200mhz-km4z8gx2a-3200-16-18-18-38-r/\"><strong>Ram PC KLEVV CRAS II RGB DDR4</strong></a></p>\r\n\r\n<p><strong>Beautiful RGB design - Unexpected performance</strong></p>\r\n\r\n<p>With the race of performance of memory brands in the world.&nbsp;<strong>Essencore (SK Hynix)</strong>promises to bring the most modern products to customers.&nbsp;KLEVV CRAS II RGB DDR4 Ram PC focuses on performance and quality.&nbsp;With an extremely rugged black paint radiator with an extremely well-lit Led RGB system, KLEVV CRAS II RGB DDR4 Ram PC is the best solution for players to pursue Gaming Gear style and need high performance.</p>\r\n\r\n<p><strong>RGB system is extremely modern</strong></p>\r\n\r\n<p>Ram PC KLEVV CRAS II RGB DDR4 is equipped with RGB LED system mounted on the heat sink of CRAS II, the system can expand RGB effects on all 3 sides.&nbsp;RGB effects can be customized at your disposal.</p>\r\n\r\n<p><strong>Intel XMP 2.0 support</strong></p>\r\n\r\n<p>KLEVV CRAS II RGB DDR4 Ram PC supports Intel XMP 2.0 for overclocking users, providing maximum speed of DDR4.</p>\r\n', 1, 16),
(112, 'HDD 123333', 1000, 10, 'Baracuda_1.jpg,Baracuda_2.jpg', 1, 1, '<ul>\r\n	<li>\r\n		2 year limited manufacturer warranty\r\n	</li>\r\n</ul>\r\n', '<p><img alt=\"\" src=\"https://m.media-amazon.com/images/S/aplus-media/vc/bdb8551a-045d-49f6-b781-61a568a9d64b._SL300__.jpg\" /></p>\r\n\r\n<h3>Amazing Versatility</h3>\r\n\r\n<p>Versatile and dependable, Seagate&rsquo;s fierce Barracuda drives are inspired by the past but ready for the future. Barracuda drives are a cost-effective way to handle all your PC needs&mdash;working, playing storing your movies and music, and more.</p>\r\n\r\n<p>Best-Fit Applications</p>\r\n\r\n<ul>\r\n	<li>Desktop or all-in-one PCs</li>\r\n	<li>Home servers</li>\r\n	<li>Entry-level direct-attached storage devices (DAS)</li>\r\n</ul>\r\n\r\n<p><img alt=\"\" src=\"https://m.media-amazon.com/images/S/aplus-media/vc/0d0b955b-5630-44b6-9193-3b4fb56eddb2._SR300,300_.jpg\" /></p>\r\n\r\n<h3>Tireless Durability</h3>\r\n\r\n<p>For over 20 years, the Barracuda family has delivered ultra-reliable storage for the hard drive industry. Barracuda drives even feature Self-Encrypting Drive (SED) technology to prevent data breaches. Certain models also offer Seagate Secure* hardware-based data security with Instant Secure Erase for easy drive retirement.</p>\r\n\r\n<p>*Seagate Secure models are not available in all countries. May require TCG-compliant host or controller support.</p>\r\n', 1, 2000),
(113, 'Western Caviar Blue HDD 1TB 7200Rpm, SATA3 6Gb / s, 64MB Cache', 60, 35, 'WD-blue-1tb-1_compressed.jpg,western-blue-1tb-3.5.jpg', 8, 1, '<ul>\r\n	<li>\r\n		Manufacturer: Western Digital&nbsp;\r\n	</li>\r\n	<li>\r\n		Species: 1TB / 7200 Caviar Blue Sata3 64M B Cache\r\n	</li>\r\n	<li>\r\n		Standard plug: SATA III\r\n	</li>\r\n	<li>\r\n		Size: 3.5 &#39;&#39;\r\n	</li>\r\n	<li>\r\n		Warranty: 3 Years\r\n	</li>\r\n</ul>\r\n', '<p><strong>Increase storage capacity with the right price</strong></p>\r\n\r\n<p>With a capacity of up to 4 TB to ensure the storage needs of customers</p>\r\n\r\n<p>same level of cost.&nbsp;</p>\r\n\r\n<p><strong>Data protection technology&nbsp;</strong></p>\r\n\r\n<p>NoTouch Ramp technology ensures the read head is kept in a safe position&nbsp;</p>\r\n\r\n<p>Avoid unnecessary collisions that affect data</p>\r\n\r\n<p><strong>Easy backup and upgrade</strong></p>\r\n\r\n<p>Acronis True Image WD Edition software will simplify backup</p>\r\n\r\n<p>&nbsp;and transfer operating systems, applications, data.</p>\r\n', 1, 1000),
(114, 'Seagate Backup Plus Slim 1TB', 65, 52, 'seagate-backup-plus-slim-black-f40ff6dd-b9d4-44b3-9ca7-a6319678e14c.jpg,seagate-backup-plus-slim-blue.jpg,seagate-backup-plus-slim-gold.jpg', 8, 16, '<p>\r\n	Type: External portable hard drive<br>\r\n	Capacity: 2 TB<br>\r\n	Read speed: USB 3.0<br>\r\n	Warranty: 3 Years\r\n</p>\r\n', '<p><img alt=\"Expansion Portable Hard Drives\" src=\"https://www.seagate.com/files/www-content/product-content/expansion-fam/expansion-portable/_shared/images/highlight-nexpansion-portable-1-570x296.jpg\" /></p>\r\n\r\n<h2>The easy-to-use storage solution</h2>\r\n\r\n<p>&nbsp;</p>\r\n\r\n<p>The Expansion portable hard drive can be installed easily by plugging in a single USB cord. You can start saving your digital files to this external hard drive within seconds of removing it from the box.</p>\r\n\r\n<p>&nbsp;</p>\r\n\r\n<p><img alt=\"Expansion Portable Hard Drives\" src=\"https://www.seagate.com/files/www-content/product-content/expansion-fam/expansion-portable/_shared/images/highlight-expansion-portable-2-570x216.jpg\" /></p>\r\n\r\n<h2>Instantly adds storage capacity</h2>\r\n\r\n<p>&nbsp;</p>\r\n\r\n<p>Digital photos, videos and music files can tax your computer&rsquo;s storage, causing performance to decline as its internal hard drive fills to capacity. The Expansion portable hard drive features a range of capacities, with the 1TB model offering enough data storage for:</p>\r\n', 1, 1000),
(115, 'Seagate Backup Plus Slim 2TB', 99, 14, 'seagate-backup-plus-slim-black-f40ff6dd-b9d4-44b3-9ca7-a6319678e14c.jpg,seagate-backup-plus-slim-blue.jpg,seagate-backup-plus-slim-gold.jpg', 8, 16, '<p>\r\n	Type: External portable hard drive<br>\r\n	Capacity: 2 TB<br>\r\n	Read speed: USB 3.0<br>\r\n	Warranty: 3 Years\r\n</p>\r\n', '<p><img alt=\"Expansion Portable Hard Drives\" src=\"https://www.seagate.com/files/www-content/product-content/expansion-fam/expansion-portable/_shared/images/highlight-nexpansion-portable-1-570x296.jpg\" /></p>\r\n\r\n<h2>The easy-to-use storage solution</h2>\r\n\r\n<p>&nbsp;</p>\r\n\r\n<p>The Expansion portable hard drive can be installed easily by plugging in a single USB cord. You can start saving your digital files to this external hard drive within seconds of removing it from the box.</p>\r\n\r\n<p>&nbsp;</p>\r\n\r\n<p><img alt=\"Expansion Portable Hard Drives\" src=\"https://www.seagate.com/files/www-content/product-content/expansion-fam/expansion-portable/_shared/images/highlight-expansion-portable-2-570x216.jpg\" /></p>\r\n\r\n<h2>Instantly adds storage capacity</h2>\r\n\r\n<p>&nbsp;</p>\r\n\r\n<p>Digital photos, videos and music files can tax your computer&rsquo;s storage, causing performance to decline as its internal hard drive fills to capacity. The Expansion portable hard drive features a range of capacities, with the 1TB model offering enough data storage for:</p>\r\n', 1, 2000),
(116, 'Seagate Backup Plus Ultra Slim 1TB', 60, 22, 'ultraslim-01.jpg,ultraslim-02.jpg,ultraslim-04.jpg', 8, 16, 'Category: Hard Drive External\r\nCapacity: 1 TB\r\nRead speed: USB 3.0\r\nWarranty: 3 Years', '<h2>Instantly adds storage capacity</h2>\r\n\r\n<p>&nbsp;</p>\r\n\r\n<p>Digital photos, videos and music files can tax your computer&rsquo;s storage, causing performance to decline as its internal hard drive fills to capacity. The Expansion portable hard drive features a range of capacities, with the 1TB model offering enough data storage for:</p>\r\n\r\n<ul>\r\n	<li>Up to 1,000 hours of digital video</li>\r\n	<li>Up to 250 two-hour DVD films</li>\r\n	<li>Up to 320,000 digital photos</li>\r\n	<li>Up to 16,660 hours of digital music</li>\r\n</ul>\r\n', 1, 1000),
(117, 'Seagate Backup Plus Ultra Slim 2TB', 82, 32, 'ultraslim-01.jpg,ultraslim-02.jpg,ultraslim-04.jpg', 8, 16, '<ul>\r\n	<li>\r\n		Category: Mobile Hard Drive External\r\n	</li>\r\n	<li>\r\n		Capacity: 2 TB\r\n	</li>\r\n	<li>\r\n		Read speed: USB 3.0\r\n	</li>\r\n	<li>\r\n		Warranty: 3 Years\r\n	</li>\r\n</ul>\r\n', '<h2>Installs in seconds</h2>\r\n\r\n<p>Seagate&reg; Expansion&trade; portable hard drive features make it incredibly easy to use this drive right from the box.</p>\r\n\r\n<ul>\r\n	<li>Simply plug the included USB cable into your computer &ndash; no external power supply is needed.</li>\r\n	<li>The drive is automatically recognised by the Windows operating system &ndash; no software to install and nothing to configure.</li>\r\n	<li>Drag and drop to save files to the Expansion portable drive.</li>\r\n	<li>Built-in power management automatically ensures energy-efficient operation</li>\r\n</ul>\r\n', 1, 2000),
(118, 'Seagate Wireless Plus 1TB USB 3.0', 99, 10, 'seagate-wireless-plus-01.jpg,seagate-wireless-plus-02.jpg,seagate-wireless-plus-04.jpg', 8, 16, '<ul>\r\n	<li>\r\n		Category: Mobile Hard Drive External\r\n	</li>\r\n	<li>\r\n		Capacity: 2 TB\r\n	</li>\r\n	<li>\r\n		Read speed: USB 3.0\r\n	</li>\r\n	<li>\r\n		Warranty: 3 Years\r\n	</li>\r\n</ul>\r\n', '<p>Available in four capacities of 500GB, 1TB, 2TB and 4TB, the drive currently costs just $60, $61, $89 and $199, respectively. (Note that the newly-released 4TB drive&#39;s street price is expected to be lower.) And in my testing, the new drive proved to be one of the fastest of its type. What&#39;s more, the drive includes helpful backup software for your local data, social-media content, and even mobile devices.</p>\r\n\r\n<p>Note that the 4TB is largest capacity for a compact single-volume portable drive, rivaling many desktop drives that are a few time larger in physical size. The drive is ideal for those wanting to carry their entire music, home video library with them on the go.</p>\r\n', 1, 1000),
(119, 'Seagate Wireless Plus 2TB USB 3.0', 149, 12, 'seagate-wireless-plus-01.jpg,seagate-wireless-plus-02.jpg,seagate-wireless-plus-04.jpg', 8, 16, '<ul>\r\n	<li>\r\n		Type: External portable hard drive\r\n	</li>\r\n	<li>\r\n		Capacity: 2 TB\r\n	</li>\r\n	<li>\r\n		Read speed: USB 3.0\r\n	</li>\r\n	<li>\r\n		Warranty: 3 Years\r\n	</li>\r\n</ul>\r\n', '<h3><strong>Simple add-on storage that goes with you</strong></h3>\r\n\r\n<p>The Seagate Expansion Portable hard drive offers an easy-to-use solution when you need to instantly add storage to your computer and take files on the go.</p>\r\n\r\n<ul>\r\n	<li>Drag and drop file saving, right out of the box</li>\r\n	<li>USB powered</li>\r\n	<li>Fast data transfer with USB 3.0 connectivity</li>\r\n</ul>\r\n\r\n<p><strong>The easy-to-use storage solution</strong></p>\r\n\r\n<p>The Expansion portable hard drive can be installed easily by plugging in a single USB cord. You can start saving your digital files to this external hard drive within seconds of removing it from the box.</p>\r\n', 1, 2000),
(120, 'SSHD SEAGATE FIRECUDA 1TB SATA 6GBPS128MB CACHE 5400RPM 2.5&#8243;', 99, 10, 'FIRECUDA-1TB-2.5-1.jpg,FIRECUDA-1TB-2.5-3.jpg,FIRECUDA-1TB-2.5-4.jpg', 8, 16, '<ul>\r\n	<li>\r\n		Manufacturer: Seagate\r\n	</li>\r\n	<li>\r\n		Capacity: 500 GB\r\n	</li>\r\n	<li>\r\n		Cache: 128MB\r\n	</li>\r\n	<li>\r\n		Data transfer rate: 140 MB / sec\r\n	</li>\r\n	<li>\r\n		NAND technology: 4 GB\r\n	</li>\r\n	<li>\r\n		Size: 2.5 &#39;&#39;\r\n	</li>\r\n</ul>\r\n', '<p><strong>Seagate SSHD internal hard drive for laptop</strong>&nbsp;</p>\r\n\r\n<p>A unique combination of traditional HDD and SSD with a compact 2.5-inch design, ultra-light hard drive weight does not increase the weight of your computer.&nbsp;500 GB capacity enough to meet your storage needs.</p>\r\n\r\n<p>More information</p>\r\n\r\n<ul>\r\n	<li>The unique blend of disc recording technology of traditional HDD hard drives and flash chip recording technology of SSDs helps your device become more powerful and amazing data processing speed.</li>\r\n	<li><strong>Seagate FireCuda hard drive 2.5 &quot;in</strong>&nbsp;&nbsp;addition to your drive capacity also has an additional&nbsp;<strong>32 GB</strong>&nbsp;of NAND FLash form capacity to increase the performance up to 4 to 5 times that of normal, standard SATA 6Gb / s hard drives.</li>\r\n	<li>Although the design is quite compact, but you do not need to worry about stability and its processing&nbsp;<strong>&nbsp;</strong>speed still has amazing data processing speed on laptops and high stability is no different from a hard drive 3.5 inches on a desktop computer.</li>\r\n	<li><strong>Seagate Firecuda 2.5 &quot;</strong>&nbsp;&nbsp;is a reliable choice for gamers and users who require very high data processing speed.</li>\r\n</ul>\r\n', 1, 1000),
(121, 'SSHD SEAGATE FIRECUDA 500GB SATA 6GBPS 128MB CACHE 5400RPM 2.5&#8243;', 59, 13, 'HDD-Seagate-Firecuda-500GB-2.5.jpg,HDD-Seagate-Firecuda-500GB-2.5-2.jpg,HDD-Seagate-Firecuda-500GB-2.5-3.jpg', 8, 16, '<ul>\r\n	<li>\r\n		Manufacturer: Seagate\r\n	</li>\r\n	<li>\r\n		Capacity: 500 GB\r\n	</li>\r\n	<li>\r\n		Cache: 128MB\r\n	</li>\r\n	<li>\r\n		Data transfer rate: 140 MB / sec\r\n	</li>\r\n	<li>\r\n		NAND technology: 4 GB\r\n	</li>\r\n	<li>\r\n		Size: 2.5 &#39;&#39;\r\n	</li>\r\n</ul>\r\n', '<p><strong>Seagate SSHD internal hard drive for laptop</strong>&nbsp;</p>\r\n\r\n<p>A unique combination of traditional HDD and SSD with a compact 2.5-inch design, ultra-light hard drive weight does not increase the weight of your computer.&nbsp;500 GB capacity enough to meet your storage needs.</p>\r\n\r\n<p>More information</p>\r\n\r\n<ul>\r\n	<li>The unique blend of disc recording technology of traditional HDD hard drives and flash chip recording technology of SSDs helps your device become more powerful and amazing data processing speed.</li>\r\n	<li><strong>Seagate FireCuda hard drive 2.5 &quot;in</strong>&nbsp;&nbsp;addition to your drive capacity also has an additional&nbsp;<strong>32 GB</strong>&nbsp;of NAND FLash form capacity to increase the performance up to 4 to 5 times that of normal, standard SATA 6Gb / s hard drives.</li>\r\n	<li>Although the design is quite compact, but you do not need to worry about stability and its processing&nbsp;<strong>&nbsp;</strong>speed still has amazing data processing speed on laptops and high stability is no different from a hard drive 3.5 inches on a desktop computer.</li>\r\n	<li><strong>Seagate Firecuda 2.5 &quot;</strong>&nbsp;&nbsp;is a reliable choice for gamers and users who require very high data processing speed.</li>\r\n</ul>\r\n', 1, 500),
(122, 'Western Digital Elements 1.5TB WDBU6Y0015BBK-WESN', 86, 32, 'tui-chong-sock-wd.jpg,wd-elements-01.jpg,wd-elements-03.jpg', 8, 1, '<ul>\r\n	<li>\r\n		Type: External portable hard drive\r\n	</li>\r\n	<li>\r\n		Capacity: 1.5 TB\r\n	</li>\r\n	<li>\r\n		Read speed: USB 3.0 5 Gbps\r\n	</li>\r\n	<li>\r\n		Warranty: 2 years\r\n	</li>\r\n</ul>\r\n', '<p><a href=\"https://memoryzone.com.vn/o-cung-di-dong-western-digital-elements-1-5tb-wdbu6y0015bbk-wesn/\"><strong>Western Digital Elements portable hard drive</strong></a></p>\r\n\r\n<p>WD Elements &trade; mobile hard drives with USB 3.0 interface provide high capacity storage of up to 3TB, reliable and fast data transfer rates.&nbsp;Connect easily with all devices with USB ports, USB 3.0 compatible and USB 2.0.&nbsp;With WD Elements &trade; portable hard drive, free up space on your internal hard drive by transferring files to your WD Elements portable hard drive and making your laptop empty to run smoothly. truer, you will no longer have to delete the data available in the computer when the memory is full.</p>\r\n\r\n<p><em><strong>Outstanding features:</strong></em></p>\r\n\r\n<p>- Easy to use</p>\r\n\r\n<p>- Increase computer performance</p>\r\n\r\n<p>- Extremely good quality with WD&#39;s standard</p>\r\n\r\n<p>- Maximum capacity up to 3TB</p>\r\n\r\n<p>- USB 3.0 communication standard;&nbsp;USB 2.0 backwards compatible</p>\r\n', 1, 1500),
(123, 'Western Digital My Passport 1TB WDBYNN0010B', 76, 22, 'western-digital-my-passport-1tb-new-2017-black.jpg,western-digital-my-passport-1tb-new-2017-red.jpg,western-digital-my-passport-1tb-new-2017-yellow-3.jpg', 8, 1, '<ul>\r\n	<li>\r\n		Type: External portable hard drive\r\n	</li>\r\n	<li>\r\n		Capacity: 1 TB\r\n	</li>\r\n	<li>\r\n		Read speed: USB 3.0 5 Gbps\r\n	</li>\r\n	<li>\r\n		3 year warranty\r\n	</li>\r\n</ul>\r\n', '<p><a href=\"https://www.memoryzone.com.vn/o-cung-di-dong-western-digital-passport-1tb-new-2017\"><strong>Western Digital My Passport mobile hard drive</strong></a></p>\r\n\r\n<p>The Western Digital My Passport mobile hard drive with worldwide reputation for reliability gives you peace of mind when storing your important data.&nbsp;New design with many colors for your style, compact size makes it easy to bring your precious content everywhere you want.&nbsp;<em><strong>Outstanding features:</strong></em>&nbsp;- Automatically backup with WD Backup Software included - Support password protection with hardware encryption - Easy to use - Many colors for you to choose - Extreme quality good with WD standard - Maximum capacity up to 4TB - USB 3.0 communication standard;&nbsp;USB 2.0 backwards compatible</p>\r\n\r\n<p><strong>Automatically backup with WD Backup Software</strong></p>\r\n\r\n<p>Equipped with WD Backup Software backup software included, you can automatically backup your photos, videos, music and documents.&nbsp;You can also schedule the hard drive to automatically back up according to the time you have chosen.</p>\r\n\r\n<p><strong>Data protection with password</strong></p>\r\n\r\n<p>With 256-bit AES hardware encryption integrated with WD Security software helps keep your data private and secure.&nbsp;Easily recover passwords quickly in case you forget your password.</p>\r\n', 1, 1000),
(124, 'Western Digital My Passport 2TB WDBYNN0010B', 99, 35, 'western-digital-my-passport-1tb-new-2017-black.jpg,western-digital-my-passport-1tb-new-2017-red.jpg,western-digital-my-passport-1tb-new-2017-yellow-3.jpg', 8, 1, '<ul>\r\n	<li>\r\n		Type: External portable hard drive\r\n	</li>\r\n	<li>\r\n		Capacity: 2 TB\r\n	</li>\r\n	<li>\r\n		Read speed: USB 3.0 5 Gbps\r\n	</li>\r\n	<li>\r\n		3 year warranty\r\n	</li>\r\n</ul>\r\n', '<p><a href=\"https://www.memoryzone.com.vn/o-cung-di-dong-western-digital-passport-2tb-new-2017\"><strong>Western Digital My Passport mobile hard drive</strong></a></p>\r\n\r\n<p>The Western Digital My Passport mobile hard drive with worldwide reputation for reliability gives you peace of mind when storing your important data.&nbsp;New design with many colors for your style, compact size makes it easy to bring your precious content everywhere you want.&nbsp;<em><strong>Outstanding features:</strong></em>&nbsp;- Automatically backup with WD Backup Software included - Support password protection with hardware encryption - Easy to use - Many colors for you to choose - Extreme quality good with WD standard - Maximum capacity up to 4TB - USB 3.0 communication standard;&nbsp;USB 2.0 backwards compatible</p>\r\n\r\n<p><strong>Data protection with password</strong></p>\r\n\r\n<p>With 256-bit AES hardware encryption integrated with WD Security software helps keep your data private and secure.&nbsp;Easily recover passwords quickly in case you forget your password.</p>\r\n\r\n<p><strong>Easy to use</strong></p>\r\n\r\n<p>The Western Digital My Passport portable hard drive is easy to use, just plug it into your computer and don&#39;t need any software or drivers.&nbsp;In addition, the Western Digital My Passport portable hard drive comes with all the software you need to help protect all your data, including WD Backup Software and WD Security software.</p>\r\n\r\n<p>&nbsp;</p>\r\n', 1, 2000),
(125, 'Western Digital My Passport Ultra 1TB WDBTLG0010B', 89, 18, 'tui-chong-sock-wd-c42f442a-f033-409a-99ae-b6a64454b426.jpg,wd-pu-2017-blackgray-02-a98afbf0-0725-4523-9dee-e18e6e377ee3.jpg,wd-pu-2017-whitegold-02-d29213be-ff7b-482c-b74f-6808ad830417.jpg', 8, 1, '<ul>\r\n	<li>\r\n		Type: External portable hard drive\r\n	</li>\r\n	<li>\r\n		Capacity: 1 TB\r\n	</li>\r\n	<li>\r\n		Read speed: USB 3.0 5 Gbps\r\n	</li>\r\n	<li>\r\n		3 year warranty\r\n	</li>\r\n</ul>\r\n', '<p><a href=\"https://www.memoryzone.com.vn/o-cung-di-dong-western-digital-passport-2tb-new-2017\"><strong>Western Digital My Passport mobile hard drive</strong></a></p>\r\n\r\n<p>The Western Digital My Passport mobile hard drive with worldwide reputation for reliability gives you peace of mind when storing your important data.&nbsp;New design with many colors for your style, compact size makes it easy to bring your precious content everywhere you want.&nbsp;<em><strong>Outstanding features:</strong></em>&nbsp;- Automatically backup with WD Backup Software included - Support password protection with hardware encryption - Easy to use - Many colors for you to choose - Extreme quality good with WD standard - Maximum capacity up to 4TB - USB 3.0 communication standard;&nbsp;USB 2.0 backwards compatible</p>\r\n\r\n<p><strong>Automatically backup with WD Backup Software</strong></p>\r\n\r\n<p>Equipped with WD Backup Software backup software included, you can automatically backup your photos, videos, music and documents.&nbsp;You can also schedule the hard drive to automatically back up according to the time you have chosen.</p>\r\n\r\n<p><strong>Data protection with password</strong></p>\r\n\r\n<p>With 256-bit AES hardware encryption integrated with WD Security software helps keep your data private and secure.&nbsp;Easily recover passwords quickly in case you forget your password.</p>\r\n', 1, 1000),
(126, 'Western Digital My Passport Ultra 2TB WDBTLG0010B', 112, 34, 'tui-chong-sock-wd-c42f442a-f033-409a-99ae-b6a64454b426.jpg,wd-pu-2017-blackgray-02-a98afbf0-0725-4523-9dee-e18e6e377ee3.jpg,wd-pu-2017-whitegold-02-d29213be-ff7b-482c-b74f-6808ad830417.jpg', 8, 1, '<ul>\r\n	<li>\r\n		Type: External portable hard drive\r\n	</li>\r\n	<li>\r\n		Capacity: 2 TB\r\n	</li>\r\n	<li>\r\n		Read speed: USB 3.0 5Gbps\r\n	</li>\r\n	<li>\r\n		3 year warranty\r\n	</li>\r\n</ul>\r\n', '<p><a href=\"https://www.memoryzone.com.vn/o-cung-di-dong-2tb-western-digital-passport-ultra-2017\"><strong>Western Digital My Passport Ultra 2017 mobile hard drive</strong></a></p>\r\n\r\n<p><strong>Creative style - Auto backup</strong></p>\r\n\r\n<p>The 2017 Western Digital My Passport Ultra portable hard drive with extremely high speed and reliability, helps you store data and take them anywhere, stunning design when combined with strong metal-style wrap The bottom and the softness of the plastic material in the upper part is very delicate.&nbsp;With lots of storage space up to 4tb, WD Backup software and the included password protection will help protect your data safely.&nbsp;Easy to use, just plug in and use.</p>\r\n\r\n<p><strong>Brilliant Design</strong></p>\r\n\r\n<p>The 2017 Western Digital My Passport Ultra portable hard drive is designed with the upper half and matte plastic aluminum casing, a unique combination that gives the most sophistication without any such device, along with the click Extremely compact ruler makes it easy to take with you wherever you go.</p>\r\n\r\n<p><strong>Social Media and Cloud Storage</strong></p>\r\n\r\n<p>WD Discovery software comes with helping you connect to popular social media and cloud storage services like Facebook, Instagram, Dropbox and Google Drive.&nbsp;You will easily backup data to the Western Digital My Passport Ultra 2017 mobile hard drive.</p>\r\n', 1, 2000);

-- --------------------------------------------------------

--
-- Table structure for table `product_category`
--

DROP TABLE IF EXISTS `product_category`;
CREATE TABLE IF NOT EXISTS `product_category` (
  `id` int(11) NOT NULL AUTO_INCREMENT,
  `name` varchar(250) NOT NULL,
  PRIMARY KEY (`id`)
) ENGINE=InnoDB AUTO_INCREMENT=9 DEFAULT CHARSET=latin1;

--
-- Dumping data for table `product_category`
--

INSERT INTO `product_category` (`id`, `name`) VALUES
(1, 'Micro SDCard'),
(2, 'USB'),
(3, 'SSD'),
(5, 'Laptop Memory'),
(6, 'Desktop Memory'),
(8, 'HDD');

-- --------------------------------------------------------

--
-- Table structure for table `role`
--

DROP TABLE IF EXISTS `role`;
CREATE TABLE IF NOT EXISTS `role` (
  `id` int(11) NOT NULL AUTO_INCREMENT,
  `name` varchar(250) NOT NULL,
  PRIMARY KEY (`id`)
) ENGINE=InnoDB AUTO_INCREMENT=6 DEFAULT CHARSET=latin1;

--
-- Dumping data for table `role`
--

INSERT INTO `role` (`id`, `name`) VALUES
(1, 'ROLE_ADMIN'),
(4, 'ROLE_USER'),
(5, 'ROLE_SUPER_ADMIN');

--
-- Constraints for dumped tables
--

--
-- Constraints for table `account_role`
--
ALTER TABLE `account_role`
  ADD CONSTRAINT `account_role_ibfk_1` FOREIGN KEY (`account_id`) REFERENCES `account` (`id`),
  ADD CONSTRAINT `account_role_ibfk_2` FOREIGN KEY (`role_id`) REFERENCES `role` (`id`);

--
-- Constraints for table `orders`
--
ALTER TABLE `orders`
  ADD CONSTRAINT `orders_ibfk_1` FOREIGN KEY (`account_id`) REFERENCES `account` (`id`);

--
-- Constraints for table `order_detail`
--
ALTER TABLE `order_detail`
  ADD CONSTRAINT `order_detail_ibfk_2` FOREIGN KEY (`order_id`) REFERENCES `orders` (`id`),
  ADD CONSTRAINT `order_detail_ibfk_3` FOREIGN KEY (`product_id`) REFERENCES `product` (`id`);

--
-- Constraints for table `product`
--
ALTER TABLE `product`
  ADD CONSTRAINT `product_ibfk_4` FOREIGN KEY (`product_category_id`) REFERENCES `product_category` (`id`),
  ADD CONSTRAINT `product_ibfk_5` FOREIGN KEY (`brand_id`) REFERENCES `brand` (`id`);
COMMIT;

/*!40101 SET CHARACTER_SET_CLIENT=@OLD_CHARACTER_SET_CLIENT */;
/*!40101 SET CHARACTER_SET_RESULTS=@OLD_CHARACTER_SET_RESULTS */;
/*!40101 SET COLLATION_CONNECTION=@OLD_COLLATION_CONNECTION */;
